country,year,technology_type,capacity_mw,generation_gwh,capacity_factor
China,2016,Solar PV,82939.83,117000.88,0.161
China,2017,Solar PV,114541.11,177960.68,0.177
China,2018,Solar PV,143743.59,196597.68,0.156
China,2019,Solar PV,151033.37,203846.25,0.154
China,2020,Solar PV,170276.14,255354.42,0.171
China,2021,Solar PV,191869.09,269189.54,0.16
China,2022,Solar PV,281012.04,424927.51,0.173
China,2023,Solar PV,296255.67,452118.98,0.174
China,2024,Solar PV,424958.25,570433.97,0.153
China,2025,Solar PV,510506.17,796616.92,0.178
China,2026,Solar PV,535347.99,743765.4,0.159
China,2016,Onshore Wind,136727.34,332892.38,0.278
China,2017,Onshore Wind,151340.79,432510.66,0.326
China,2018,Onshore Wind,202200.16,573283.64,0.324
China,2019,Onshore Wind,245102.0,657694.67,0.306
China,2020,Onshore Wind,304567.49,790334.83,0.296
China,2021,Onshore Wind,326062.95,928535.14,0.325
China,2022,Onshore Wind,389967.04,1117578.2,0.327
China,2023,Onshore Wind,454748.84,1263170.03,0.317
China,2024,Onshore Wind,468377.3,1175856.02,0.287
China,2025,Onshore Wind,587663.66,1426526.83,0.277
China,2026,Onshore Wind,682035.33,1663719.78,0.278
China,2016,Offshore Wind,36542.52,132953.89,0.415
China,2017,Offshore Wind,45704.88,160692.65,0.401
China,2018,Offshore Wind,59003.5,241274.68,0.467
China,2019,Offshore Wind,84041.43,321957.58,0.437
China,2020,Offshore Wind,100575.43,394813.24,0.448
China,2021,Offshore Wind,132430.89,483354.55,0.417
China,2022,Offshore Wind,205607.17,792672.35,0.44
China,2023,Offshore Wind,249809.81,971872.56,0.444
China,2024,Offshore Wind,348105.78,1379368.56,0.452
China,2025,Offshore Wind,406376.94,1371931.74,0.385
China,2026,Offshore Wind,545770.08,1943916.71,0.407
China,2016,Hydropower,228589.57,821221.37,0.41
China,2017,Hydropower,212628.55,730959.85,0.392
China,2018,Hydropower,221183.53,800532.86,0.413
China,2019,Hydropower,229387.61,725788.81,0.361
China,2020,Hydropower,227424.96,766833.03,0.385
China,2021,Hydropower,234086.3,793102.62,0.387
China,2022,Hydropower,265677.82,865658.02,0.372
China,2023,Hydropower,244891.2,900581.12,0.42
China,2024,Hydropower,263610.16,801930.92,0.347
China,2025,Hydropower,250613.87,765686.04,0.349
China,2026,Hydropower,283016.84,1000036.95,0.403
China,2016,Biomass,24353.54,138333.43,0.648
China,2017,Biomass,30751.24,180236.29,0.669
China,2018,Biomass,32094.03,201160.87,0.716
China,2019,Biomass,27746.95,169148.02,0.696
China,2020,Biomass,33412.9,196158.49,0.67
China,2021,Biomass,32226.65,193304.35,0.685
China,2022,Biomass,32687.22,187801.05,0.656
China,2023,Biomass,36813.54,234942.54,0.729
China,2024,Biomass,41885.92,231847.82,0.632
China,2025,Biomass,40849.48,221865.73,0.62
China,2026,Biomass,46357.36,291115.14,0.717
China,2016,Geothermal,9017.85,57576.17,0.729
China,2017,Geothermal,9216.96,60706.94,0.752
China,2018,Geothermal,10291.1,67999.63,0.754
China,2019,Geothermal,11038.08,61650.46,0.638
China,2020,Geothermal,11606.33,65112.59,0.64
China,2021,Geothermal,13227.23,89140.15,0.769
China,2022,Geothermal,14067.43,84243.84,0.684
China,2023,Geothermal,13971.09,94140.09,0.769
China,2024,Geothermal,16393.76,93396.07,0.65
China,2025,Geothermal,16822.97,95477.85,0.648
China,2026,Geothermal,18556.96,122305.31,0.752
China,2016,Concentrated Solar,14125.3,29695.82,0.24
China,2017,Concentrated Solar,14579.19,32710.24,0.256
China,2018,Concentrated Solar,16888.47,33004.58,0.223
China,2019,Concentrated Solar,19277.79,42048.91,0.249
China,2020,Concentrated Solar,19116.98,38196.34,0.228
China,2021,Concentrated Solar,26583.18,57051.39,0.245
China,2022,Concentrated Solar,25035.95,52280.02,0.238
China,2023,Concentrated Solar,24919.07,48839.31,0.224
China,2024,Concentrated Solar,29482.96,62479.67,0.242
China,2025,Concentrated Solar,31388.72,61457.72,0.224
China,2026,Concentrated Solar,32798.53,70120.73,0.244
United States,2016,Solar PV,53061.51,72302.97,0.156
United States,2017,Solar PV,56951.31,88345.66,0.177
United States,2018,Solar PV,72929.29,100788.7,0.158
United States,2019,Solar PV,116393.57,176960.61,0.174
United States,2020,Solar PV,131763.76,209203.64,0.181
United States,2021,Solar PV,187268.68,262237.51,0.16
United States,2022,Solar PV,194510.75,287139.94,0.169
United States,2023,Solar PV,279006.94,415039.81,0.17
United States,2024,Solar PV,393844.63,611495.88,0.177
United States,2025,Solar PV,544668.37,746913.02,0.157
United States,2026,Solar PV,595837.51,862345.18,0.165
United States,2016,Onshore Wind,72008.13,179254.07,0.284
United States,2017,Onshore Wind,88680.87,232276.8,0.299
United States,2018,Onshore Wind,99613.32,251301.63,0.288
United States,2019,Onshore Wind,135790.66,357286.53,0.3
United States,2020,Onshore Wind,156959.69,422418.45,0.307
United States,2021,Onshore Wind,150979.89,444327.44,0.336
United States,2022,Onshore Wind,214282.04,626984.55,0.334
United States,2023,Onshore Wind,256111.75,732103.83,0.326
United States,2024,Onshore Wind,250427.91,664883.57,0.303
United States,2025,Onshore Wind,297057.86,774595.98,0.298
United States,2026,Onshore Wind,334149.68,867181.07,0.296
United States,2016,Offshore Wind,18258.04,72463.62,0.453
United States,2017,Offshore Wind,26920.06,99178.84,0.421
United States,2018,Offshore Wind,42040.67,173858.83,0.472
United States,2019,Offshore Wind,55225.09,216321.81,0.447
United States,2020,Offshore Wind,72095.61,258435.69,0.409
United States,2021,Offshore Wind,120102.43,457269.07,0.435
United States,2022,Offshore Wind,157016.55,618708.65,0.45
United States,2023,Offshore Wind,201223.83,766917.47,0.435
United States,2024,Offshore Wind,313228.3,1260112.56,0.459
United States,2025,Offshore Wind,413474.68,1698627.61,0.469
United States,2026,Offshore Wind,576550.32,2016314.33,0.399
United States,2016,Hydropower,118168.43,371430.65,0.359
United States,2017,Hydropower,111317.0,400998.7,0.411
United States,2018,Hydropower,117253.77,398081.11,0.388
United States,2019,Hydropower,128429.46,420245.95,0.374
United States,2020,Hydropower,131686.36,440460.07,0.382
United States,2021,Hydropower,143312.92,447357.7,0.356
United States,2022,Hydropower,142945.14,449658.41,0.359
United States,2023,Hydropower,140092.88,483197.22,0.394
United States,2024,Hydropower,142203.93,455049.32,0.365
United States,2025,Hydropower,157584.02,477359.53,0.346
United States,2026,Hydropower,155154.28,570675.56,0.42
United States,2016,Biomass,13141.95,71933.96,0.625
United States,2017,Biomass,14514.06,92262.26,0.726
United States,2018,Biomass,17371.36,109275.17,0.718
United States,2019,Biomass,16662.59,90072.28,0.617
United States,2020,Biomass,19344.69,117519.39,0.693
United States,2021,Biomass,19650.19,126212.07,0.733
United States,2022,Biomass,21000.02,109657.77,0.596
United States,2023,Biomass,22962.88,128118.11,0.637
United States,2024,Biomass,23635.23,150407.6,0.726
United States,2025,Biomass,22484.45,120376.36,0.611
United States,2026,Biomass,23691.6,139559.47,0.672
United States,2016,Geothermal,4839.63,31590.37,0.745
United States,2017,Geothermal,4985.4,31995.73,0.733
United States,2018,Geothermal,5381.19,33505.63,0.711
United States,2019,Geothermal,6151.66,41193.22,0.764
United States,2020,Geothermal,6083.35,37358.35,0.701
United States,2021,Geothermal,6651.14,37174.29,0.638
United States,2022,Geothermal,7495.61,48134.31,0.733
United States,2023,Geothermal,7642.06,50120.28,0.749
United States,2024,Geothermal,8441.05,51882.78,0.702
United States,2025,Geothermal,8566.59,48687.09,0.649
United States,2026,Geothermal,10033.54,67949.76,0.773
United States,2016,Concentrated Solar,8432.28,17848.09,0.242
United States,2017,Concentrated Solar,7691.55,14747.17,0.219
United States,2018,Concentrated Solar,9095.05,20511.65,0.257
United States,2019,Concentrated Solar,11791.33,26394.74,0.256
United States,2020,Concentrated Solar,13606.88,26581.23,0.223
United States,2021,Concentrated Solar,12612.67,24046.35,0.218
United States,2022,Concentrated Solar,16589.77,37306.27,0.257
United States,2023,Concentrated Solar,16691.31,35608.4,0.244
United States,2024,Concentrated Solar,17274.84,39192.95,0.259
United States,2025,Concentrated Solar,23992.5,54920.7,0.261
United States,2026,Concentrated Solar,26532.14,59632.59,0.257
Germany,2016,Solar PV,26095.24,42634.98,0.187
Germany,2017,Solar PV,38171.66,61562.16,0.184
Germany,2018,Solar PV,48731.44,69414.03,0.163
Germany,2019,Solar PV,61668.99,84755.94,0.157
Germany,2020,Solar PV,80384.53,129503.17,0.184
Germany,2021,Solar PV,84430.27,134902.58,0.182
Germany,2022,Solar PV,115905.99,166501.86,0.164
Germany,2023,Solar PV,162641.38,229658.49,0.161
Germany,2024,Solar PV,163096.53,228528.48,0.16
Germany,2025,Solar PV,229875.87,370758.14,0.184
Germany,2026,Solar PV,351923.63,502654.23,0.163
Germany,2016,Onshore Wind,42907.24,125838.01,0.335
Germany,2017,Onshore Wind,51376.62,149469.68,0.332
Germany,2018,Onshore Wind,53559.02,156754.7,0.334
Germany,2019,Onshore Wind,63084.82,184356.25,0.334
Germany,2020,Onshore Wind,74734.67,182613.78,0.279
Germany,2021,Onshore Wind,90302.54,252049.87,0.319
Germany,2022,Onshore Wind,101530.91,276426.52,0.311
Germany,2023,Onshore Wind,123465.98,320848.08,0.297
Germany,2024,Onshore Wind,145264.85,366870.38,0.288
Germany,2025,Onshore Wind,173530.66,413639.52,0.272
Germany,2026,Onshore Wind,210993.92,566433.79,0.306
Germany,2016,Offshore Wind,11523.33,44703.88,0.443
Germany,2017,Offshore Wind,14764.0,50284.24,0.389
Germany,2018,Offshore Wind,21642.27,78150.87,0.412
Germany,2019,Offshore Wind,27854.84,111956.27,0.459
Germany,2020,Offshore Wind,41702.1,149605.21,0.41
Germany,2021,Offshore Wind,53051.06,194839.39,0.419
Germany,2022,Offshore Wind,74666.88,267590.76,0.409
Germany,2023,Offshore Wind,97308.64,358307.93,0.42
Germany,2024,Offshore Wind,157964.15,613642.92,0.443
Germany,2025,Offshore Wind,216598.58,830866.08,0.438
Germany,2026,Offshore Wind,265747.46,1005241.23,0.432
Germany,2016,Hydropower,63700.28,208915.63,0.374
Germany,2017,Hydropower,68396.06,235092.15,0.392
Germany,2018,Hydropower,68765.52,226119.3,0.375
Germany,2019,Hydropower,67569.13,223654.44,0.378
Germany,2020,Hydropower,77167.29,272883.15,0.404
Germany,2021,Hydropower,70329.18,213647.73,0.347
Germany,2022,Hydropower,76223.86,260835.38,0.391
Germany,2023,Hydropower,75807.92,269266.03,0.405
Germany,2024,Hydropower,82933.88,286113.19,0.394
Germany,2025,Hydropower,78047.03,243346.76,0.356
Germany,2026,Hydropower,77242.34,243312.25,0.36
Germany,2016,Biomass,8820.21,46760.49,0.605
Germany,2017,Biomass,8503.63,50890.32,0.683
Germany,2018,Biomass,8525.05,51714.73,0.692
Germany,2019,Biomass,9518.72,52461.68,0.629
Germany,2020,Biomass,10313.32,53825.22,0.596
Germany,2021,Biomass,11023.09,67864.59,0.703
Germany,2022,Biomass,10149.09,58190.82,0.655
Germany,2023,Biomass,10811.74,69055.09,0.729
Germany,2024,Biomass,12177.05,64219.16,0.602
Germany,2025,Biomass,12095.36,75627.46,0.714
Germany,2026,Biomass,13248.11,82072.8,0.707
Germany,2016,Geothermal,2881.93,18349.03,0.727
Germany,2017,Geothermal,3116.65,21055.56,0.771
Germany,2018,Geothermal,3273.48,21374.61,0.745
Germany,2019,Geothermal,3515.01,23465.77,0.762
Germany,2020,Geothermal,3831.5,25914.07,0.772
Germany,2021,Geothermal,4239.59,26320.34,0.709
Germany,2022,Geothermal,4383.87,25905.93,0.675
Germany,2023,Geothermal,4942.61,32575.67,0.752
Germany,2024,Geothermal,5302.95,33981.57,0.732
Germany,2025,Geothermal,5613.93,31922.59,0.649
Germany,2026,Geothermal,6100.09,36243.9,0.678
Germany,2016,Concentrated Solar,4449.54,8552.5,0.219
Germany,2017,Concentrated Solar,4492.2,9727.63,0.247
Germany,2018,Concentrated Solar,5766.44,10896.45,0.216
Germany,2019,Concentrated Solar,5867.52,12316.88,0.24
Germany,2020,Concentrated Solar,6537.29,12761.4,0.223
Germany,2021,Concentrated Solar,7274.96,16425.55,0.258
Germany,2022,Concentrated Solar,8492.39,18395.69,0.247
Germany,2023,Concentrated Solar,10190.97,22387.84,0.251
Germany,2024,Concentrated Solar,9863.66,18386.68,0.213
Germany,2025,Concentrated Solar,10864.31,23809.38,0.25
Germany,2026,Concentrated Solar,13975.81,31852.3,0.26
India,2016,Solar PV,67828.03,103812.28,0.175
India,2017,Solar PV,78133.55,110127.43,0.161
India,2018,Solar PV,106622.71,143880.23,0.154
India,2019,Solar PV,131772.12,204833.72,0.177
India,2020,Solar PV,171590.53,238910.38,0.159
India,2021,Solar PV,222996.53,307853.11,0.158
India,2022,Solar PV,297602.63,401401.7,0.154
India,2023,Solar PV,354312.62,537941.03,0.173
India,2024,Solar PV,400311.22,617671.22,0.176
India,2025,Solar PV,529670.98,787028.16,0.17
India,2026,Solar PV,655774.4,957321.89,0.167
India,2016,Onshore Wind,102595.0,288240.23,0.321
India,2017,Onshore Wind,117730.65,330155.23,0.32
India,2018,Onshore Wind,148278.15,374276.82,0.288
India,2019,Onshore Wind,139952.73,334989.05,0.273
India,2020,Onshore Wind,177872.29,523532.99,0.336
India,2021,Onshore Wind,192400.6,528566.17,0.314
India,2022,Onshore Wind,241331.86,663208.86,0.314
India,2023,Onshore Wind,271697.17,792027.22,0.333
India,2024,Onshore Wind,269125.04,644324.6,0.273
India,2025,Onshore Wind,301133.57,738826.56,0.28
India,2026,Onshore Wind,387275.96,1045220.6,0.308
India,2016,Offshore Wind,27828.42,110070.38,0.452
India,2017,Offshore Wind,32740.34,125377.62,0.437
India,2018,Offshore Wind,48239.37,165991.56,0.393
India,2019,Offshore Wind,64078.23,263443.93,0.469
India,2020,Offshore Wind,72747.78,245228.75,0.385
India,2021,Offshore Wind,99554.69,386742.15,0.443
India,2022,Offshore Wind,147988.94,542145.98,0.418
India,2023,Offshore Wind,185301.75,631993.03,0.389
India,2024,Offshore Wind,241704.51,929406.51,0.439
India,2025,Offshore Wind,280831.16,1112013.86,0.452
India,2026,Offshore Wind,427885.52,1636261.82,0.437
India,2016,Hydropower,172995.27,610131.98,0.403
India,2017,Hydropower,160626.61,526631.57,0.374
India,2018,Hydropower,165346.24,551095.27,0.38
India,2019,Hydropower,168741.96,603047.08,0.408
India,2020,Hydropower,186703.75,569887.37,0.348
India,2021,Hydropower,195489.18,669319.39,0.391
India,2022,Hydropower,196519.4,682724.48,0.397
India,2023,Hydropower,189476.08,661772.43,0.399
India,2024,Hydropower,210946.7,668210.33,0.362
India,2025,Hydropower,211249.8,708859.6,0.383
India,2026,Hydropower,205901.31,676107.96,0.375
India,2016,Biomass,19140.95,119759.96,0.714
India,2017,Biomass,22567.02,120022.31,0.607
India,2018,Biomass,24026.89,132418.77,0.629
India,2019,Biomass,23376.18,139338.66,0.68
India,2020,Biomass,24227.35,127130.54,0.599
India,2021,Biomass,28022.28,152306.91,0.62
India,2022,Biomass,26024.65,161109.77,0.707
India,2023,Biomass,28192.95,177385.08,0.718
India,2024,Biomass,31949.43,177351.8,0.634
India,2025,Biomass,29217.85,186260.98,0.728
India,2026,Biomass,31329.31,190961.5,0.696
India,2016,Geothermal,6862.93,44553.87,0.741
India,2017,Geothermal,7328.37,45651.64,0.711
India,2018,Geothermal,8026.62,45806.08,0.651
India,2019,Geothermal,8184.79,53148.03,0.741
India,2020,Geothermal,8913.49,56588.78,0.725
India,2021,Geothermal,9787.25,61484.81,0.717
India,2022,Geothermal,10516.06,69034.34,0.749
India,2023,Geothermal,11245.16,73184.08,0.743
India,2024,Geothermal,12066.72,71372.77,0.675
India,2025,Geothermal,12827.3,74880.1,0.666
India,2026,Geothermal,13847.21,87079.94,0.718
India,2016,Concentrated Solar,9693.26,18962.7,0.223
India,2017,Concentrated Solar,12066.11,26290.45,0.249
India,2018,Concentrated Solar,15694.27,32821.28,0.239
India,2019,Concentrated Solar,14539.1,27704.69,0.218
India,2020,Concentrated Solar,15997.11,31372.54,0.224
India,2021,Concentrated Solar,18030.26,33675.07,0.213
India,2022,Concentrated Solar,22824.95,45231.02,0.226
India,2023,Concentrated Solar,29230.19,61496.55,0.24
India,2024,Concentrated Solar,30698.35,58842.91,0.219
India,2025,Concentrated Solar,36452.82,75694.45,0.237
India,2026,Concentrated Solar,41333.41,87335.02,0.241
Japan,2016,Solar PV,65127.66,88344.51,0.155
Japan,2017,Solar PV,101338.43,151089.18,0.17
Japan,2018,Solar PV,122096.74,179072.83,0.167
Japan,2019,Solar PV,120811.2,185902.09,0.176
Japan,2020,Solar PV,149236.46,207040.36,0.158
Japan,2021,Solar PV,218405.4,313651.46,0.164
Japan,2022,Solar PV,306194.45,421824.16,0.157
Japan,2023,Solar PV,358081.0,548396.88,0.175
Japan,2024,Solar PV,448725.65,633355.02,0.161
Japan,2025,Solar PV,516928.33,766270.9,0.169
Japan,2026,Solar PV,627781.34,1011696.1,0.184
Japan,2016,Onshore Wind,109727.17,299653.14,0.312
Japan,2017,Onshore Wind,139325.16,389782.15,0.319
Japan,2018,Onshore Wind,177306.73,443127.49,0.285
Japan,2019,Onshore Wind,175735.12,483795.69,0.314
Japan,2020,Onshore Wind,204377.73,506890.88,0.283
Japan,2021,Onshore Wind,235874.78,562377.4,0.272
Japan,2022,Onshore Wind,306104.38,831267.54,0.31
Japan,2023,Onshore Wind,347056.5,871977.65,0.287
Japan,2024,Onshore Wind,452309.41,1255992.19,0.317
Japan,2025,Onshore Wind,502605.14,1391259.02,0.316
Japan,2026,Onshore Wind,660366.9,1865145.5,0.322
Japan,2016,Offshore Wind,29703.51,121392.45,0.467
Japan,2017,Offshore Wind,38762.07,146521.91,0.432
Japan,2018,Offshore Wind,55402.09,225314.28,0.464
Japan,2019,Offshore Wind,78397.27,267099.46,0.389
Japan,2020,Offshore Wind,93910.85,337442.46,0.41
Japan,2021,Offshore Wind,144471.18,548912.88,0.434
Japan,2022,Offshore Wind,180238.51,621595.83,0.394
Japan,2023,Offshore Wind,267069.75,1042204.98,0.445
Japan,2024,Offshore Wind,383098.45,1434807.98,0.428
Japan,2025,Offshore Wind,480682.74,1641108.74,0.39
Japan,2026,Offshore Wind,597585.78,2205875.19,0.421
Japan,2016,Hydropower,165759.22,504306.16,0.347
Japan,2017,Hydropower,190582.62,679282.16,0.407
Japan,2018,Hydropower,184607.18,672839.82,0.416
Japan,2019,Hydropower,202482.7,698471.16,0.394
Japan,2020,Hydropower,185613.76,558065.29,0.343
Japan,2021,Hydropower,206214.05,682182.26,0.378
Japan,2022,Hydropower,208547.95,755023.62,0.413
Japan,2023,Hydropower,198620.72,673045.98,0.387
Japan,2024,Hydropower,219757.83,730255.59,0.379
Japan,2025,Hydropower,206652.48,665886.18,0.368
Japan,2026,Hydropower,221213.95,762752.23,0.394
Japan,2016,Biomass,20847.28,126395.4,0.692
Japan,2017,Biomass,21849.04,139208.62,0.727
Japan,2018,Biomass,25632.03,150891.61,0.672
Japan,2019,Biomass,25267.59,141446.05,0.639
Japan,2020,Biomass,26002.55,166469.2,0.731
Japan,2021,Biomass,27949.78,163318.99,0.667
Japan,2022,Biomass,33065.46,199012.89,0.687
Japan,2023,Biomass,32117.63,183680.95,0.653
Japan,2024,Biomass,31562.91,178516.21,0.646
Japan,2025,Biomass,37416.1,223718.42,0.683
Japan,2026,Biomass,39581.3,216186.9,0.623
Japan,2016,Geothermal,7501.64,46211.46,0.703
Japan,2017,Geothermal,7935.07,45579.48,0.656
Japan,2018,Geothermal,8813.72,56271.68,0.729
Japan,2019,Geothermal,8864.74,51349.99,0.661
Japan,2020,Geothermal,9894.58,62436.39,0.72
Japan,2021,Geothermal,10214.47,70360.59,0.786
Japan,2022,Geothermal,11991.72,74238.84,0.707
Japan,2023,Geothermal,11979.14,79995.96,0.762
Japan,2024,Geothermal,13469.49,87903.48,0.745
Japan,2025,Geothermal,14583.56,86681.48,0.679
Japan,2026,Geothermal,16286.73,111931.25,0.785
Japan,2016,Concentrated Solar,11687.37,23719.65,0.232
Japan,2017,Concentrated Solar,14363.65,29935.42,0.238
Japan,2018,Concentrated Solar,15730.36,35235.11,0.256
Japan,2019,Concentrated Solar,14594.09,32216.79,0.252
Japan,2020,Concentrated Solar,16886.9,38345.09,0.259
Japan,2021,Concentrated Solar,19239.98,42730.07,0.254
Japan,2022,Concentrated Solar,19877.51,39601.32,0.227
Japan,2023,Concentrated Solar,24167.01,55560.42,0.262
Japan,2024,Concentrated Solar,26008.25,50107.1,0.22
Japan,2025,Concentrated Solar,29233.61,58837.45,0.23
Japan,2026,Concentrated Solar,32510.12,68255.73,0.24
United Kingdom,2016,Solar PV,63946.24,99771.68,0.178
United Kingdom,2017,Solar PV,88782.99,125533.49,0.161
United Kingdom,2018,Solar PV,115942.19,156990.9,0.155
United Kingdom,2019,Solar PV,141640.58,221338.99,0.178
United Kingdom,2020,Solar PV,177779.98,259920.34,0.167
United Kingdom,2021,Solar PV,210178.25,336098.35,0.183
United Kingdom,2022,Solar PV,282462.43,422701.31,0.171
United Kingdom,2023,Solar PV,261921.66,392537.42,0.171
United Kingdom,2024,Solar PV,384929.81,621487.92,0.184
United Kingdom,2025,Solar PV,513649.37,759756.75,0.169
United Kingdom,2026,Solar PV,573459.77,851230.4,0.169
United Kingdom,2016,Onshore Wind,110416.89,303626.19,0.314
United Kingdom,2017,Onshore Wind,120398.73,318567.25,0.302
United Kingdom,2018,Onshore Wind,169934.72,437162.34,0.294
United Kingdom,2019,Onshore Wind,185901.91,510680.8,0.314
United Kingdom,2020,Onshore Wind,224159.36,641225.02,0.327
United Kingdom,2021,Onshore Wind,261212.32,678046.71,0.296
United Kingdom,2022,Onshore Wind,267444.36,745009.52,0.318
United Kingdom,2023,Onshore Wind,345712.16,992820.62,0.328
United Kingdom,2024,Onshore Wind,336440.64,814549.5,0.276
United Kingdom,2025,Onshore Wind,454322.04,1317093.08,0.331
United Kingdom,2026,Onshore Wind,573576.18,1606808.9,0.32
United Kingdom,2016,Offshore Wind,25947.9,99908.4,0.44
United Kingdom,2017,Offshore Wind,40646.57,150412.48,0.422
United Kingdom,2018,Offshore Wind,52685.72,214059.93,0.464
United Kingdom,2019,Offshore Wind,61825.72,245966.17,0.454
United Kingdom,2020,Offshore Wind,87403.96,318694.47,0.416
United Kingdom,2021,Offshore Wind,113574.04,428114.12,0.43
United Kingdom,2022,Offshore Wind,166053.82,660150.67,0.454
United Kingdom,2023,Offshore Wind,205236.67,700464.27,0.39
United Kingdom,2024,Offshore Wind,316469.26,1215014.0,0.438
United Kingdom,2025,Offshore Wind,374535.91,1524501.39,0.465
United Kingdom,2026,Offshore Wind,491811.35,1826720.44,0.424
United Kingdom,2016,Hydropower,162655.67,485524.87,0.341
United Kingdom,2017,Hydropower,182335.65,658225.79,0.412
United Kingdom,2018,Hydropower,183638.36,567278.98,0.353
United Kingdom,2019,Hydropower,181683.9,585126.17,0.368
United Kingdom,2020,Hydropower,190993.23,654374.94,0.391
United Kingdom,2021,Hydropower,191105.89,602684.68,0.36
United Kingdom,2022,Hydropower,209657.86,653715.58,0.356
United Kingdom,2023,Hydropower,200290.25,664369.22,0.379
United Kingdom,2024,Hydropower,200762.12,678416.04,0.386
United Kingdom,2025,Hydropower,217819.04,800284.26,0.419
United Kingdom,2026,Hydropower,213821.67,783387.77,0.418
United Kingdom,2016,Biomass,20205.92,119341.35,0.674
United Kingdom,2017,Biomass,23113.44,141580.49,0.699
United Kingdom,2018,Biomass,21353.31,127178.13,0.68
United Kingdom,2019,Biomass,24701.71,156140.89,0.722
United Kingdom,2020,Biomass,24918.85,154295.55,0.707
United Kingdom,2021,Biomass,28003.04,158057.2,0.644
United Kingdom,2022,Biomass,29662.47,177193.56,0.682
United Kingdom,2023,Biomass,31489.71,191972.18,0.696
United Kingdom,2024,Biomass,33044.82,206210.82,0.712
United Kingdom,2025,Biomass,34592.97,218632.24,0.721
United Kingdom,2026,Biomass,36560.63,204413.22,0.638
United Kingdom,2016,Geothermal,7109.57,46545.1,0.747
United Kingdom,2017,Geothermal,7292.69,43553.94,0.682
United Kingdom,2018,Geothermal,8401.21,48855.46,0.664
United Kingdom,2019,Geothermal,8513.53,53578.06,0.718
United Kingdom,2020,Geothermal,9978.29,62684.03,0.717
United Kingdom,2021,Geothermal,10698.07,71417.56,0.762
United Kingdom,2022,Geothermal,10806.52,72059.43,0.761
United Kingdom,2023,Geothermal,11919.1,79193.2,0.758
United Kingdom,2024,Geothermal,13190.83,79535.08,0.688
United Kingdom,2025,Geothermal,13344.82,91408.57,0.782
United Kingdom,2026,Geothermal,14425.42,98878.78,0.782
United Kingdom,2016,Concentrated Solar,12044.63,27590.82,0.261
United Kingdom,2017,Concentrated Solar,14634.07,32398.5,0.253
United Kingdom,2018,Concentrated Solar,14009.14,30929.64,0.252
United Kingdom,2019,Concentrated Solar,14180.07,29728.79,0.239
United Kingdom,2020,Concentrated Solar,18623.88,40156.78,0.246
United Kingdom,2021,Concentrated Solar,22582.08,47818.41,0.242
United Kingdom,2022,Concentrated Solar,26781.75,60884.24,0.26
United Kingdom,2023,Concentrated Solar,24509.12,48133.81,0.224
United Kingdom,2024,Concentrated Solar,27084.39,60907.24,0.257
United Kingdom,2025,Concentrated Solar,36582.97,82764.67,0.258
United Kingdom,2026,Concentrated Solar,37437.86,70727.2,0.216
Brazil,2016,Solar PV,101012.96,148392.1,0.168
Brazil,2017,Solar PV,123647.04,202619.54,0.187
Brazil,2018,Solar PV,168457.15,251950.26,0.171
Brazil,2019,Solar PV,203109.13,329054.28,0.185
Brazil,2020,Solar PV,265643.64,394040.13,0.169
Brazil,2021,Solar PV,404703.52,637261.0,0.18
Brazil,2022,Solar PV,563524.9,829765.52,0.168
Brazil,2023,Solar PV,688265.1,956007.34,0.159
Brazil,2024,Solar PV,807155.71,1107020.08,0.157
Brazil,2025,Solar PV,1065875.26,1565753.09,0.168
Brazil,2026,Solar PV,1567374.18,2116891.51,0.154
Brazil,2016,Onshore Wind,169482.2,494148.95,0.333
Brazil,2017,Onshore Wind,212996.78,519376.07,0.278
Brazil,2018,Onshore Wind,234158.0,629409.54,0.307
Brazil,2019,Onshore Wind,285416.83,737461.97,0.295
Brazil,2020,Onshore Wind,285321.07,710202.46,0.284
Brazil,2021,Onshore Wind,303775.64,868239.79,0.326
Brazil,2022,Onshore Wind,377437.95,1039575.34,0.314
Brazil,2023,Onshore Wind,450681.61,1224729.04,0.31
Brazil,2024,Onshore Wind,440661.12,1244351.43,0.322
Brazil,2025,Onshore Wind,533664.29,1309248.2,0.28
Brazil,2026,Onshore Wind,659610.57,1597039.61,0.276
Brazil,2016,Offshore Wind,40438.45,142382.0,0.402
Brazil,2017,Offshore Wind,63988.23,230980.64,0.412
Brazil,2018,Offshore Wind,76822.7,311952.3,0.464
Brazil,2019,Offshore Wind,103244.25,415812.85,0.46
Brazil,2020,Offshore Wind,147723.98,510118.35,0.394
Brazil,2021,Offshore Wind,209586.13,731093.75,0.398
Brazil,2022,Offshore Wind,315836.63,1064693.21,0.385
Brazil,2023,Offshore Wind,383250.55,1522855.21,0.454
Brazil,2024,Offshore Wind,557881.45,2011698.98,0.412
Brazil,2025,Offshore Wind,763447.87,2589623.86,0.387
Brazil,2026,Offshore Wind,1187561.56,4471722.46,0.43
Brazil,2016,Hydropower,256745.76,904678.18,0.402
Brazil,2017,Hydropower,266780.68,814968.3,0.349
Brazil,2018,Hydropower,275157.01,1001832.19,0.416
Brazil,2019,Hydropower,263295.39,928718.02,0.403
Brazil,2020,Hydropower,310635.22,1038712.32,0.382
Brazil,2021,Hydropower,301039.83,1099996.38,0.417
Brazil,2022,Hydropower,291062.03,964600.08,0.378
Brazil,2023,Hydropower,318284.49,1101015.17,0.395
Brazil,2024,Hydropower,333509.28,1205942.34,0.413
Brazil,2025,Hydropower,321489.26,975725.67,0.346
Brazil,2026,Hydropower,362578.77,1096594.15,0.345
Brazil,2016,Biomass,33073.09,194625.36,0.672
Brazil,2017,Biomass,32503.88,209065.33,0.734
Brazil,2018,Biomass,35429.21,204378.22,0.659
Brazil,2019,Biomass,37592.53,200512.28,0.609
Brazil,2020,Biomass,40044.76,250602.68,0.714
Brazil,2021,Biomass,41457.43,255181.11,0.703
Brazil,2022,Biomass,43932.15,240568.24,0.625
Brazil,2023,Biomass,43562.0,239261.01,0.627
Brazil,2024,Biomass,44508.18,256739.72,0.658
Brazil,2025,Biomass,47274.35,251916.16,0.608
Brazil,2026,Biomass,49533.67,298583.42,0.688
Brazil,2016,Geothermal,10365.54,70457.7,0.776
Brazil,2017,Geothermal,11054.29,73814.45,0.762
Brazil,2018,Geothermal,11926.61,68117.49,0.652
Brazil,2019,Geothermal,13696.34,91096.59,0.759
Brazil,2020,Geothermal,14474.38,91986.36,0.725
Brazil,2021,Geothermal,15582.19,93768.23,0.687
Brazil,2022,Geothermal,16033.97,96991.53,0.691
Brazil,2023,Geothermal,18225.96,119751.37,0.75
Brazil,2024,Geothermal,20001.87,130651.68,0.746
Brazil,2025,Geothermal,21729.77,138493.39,0.728
Brazil,2026,Geothermal,22003.26,139586.15,0.724
Brazil,2016,Concentrated Solar,17989.58,35254.53,0.224
Brazil,2017,Concentrated Solar,16772.65,37432.76,0.255
Brazil,2018,Concentrated Solar,20189.92,44327.41,0.251
Brazil,2019,Concentrated Solar,23775.46,52664.13,0.253
Brazil,2020,Concentrated Solar,28392.85,64972.83,0.261
Brazil,2021,Concentrated Solar,31180.28,66421.64,0.243
Brazil,2022,Concentrated Solar,32832.18,61494.65,0.214
Brazil,2023,Concentrated Solar,39311.63,87460.68,0.254
Brazil,2024,Concentrated Solar,35839.62,69547.57,0.222
Brazil,2025,Concentrated Solar,45211.26,90279.44,0.228
Brazil,2026,Concentrated Solar,44880.77,83665.57,0.213
France,2016,Solar PV,108653.03,150486.8,0.158
France,2017,Solar PV,146347.75,197561.86,0.154
France,2018,Solar PV,189896.98,267398.55,0.161
France,2019,Solar PV,216878.6,313993.57,0.165
France,2020,Solar PV,268366.3,420756.09,0.179
France,2021,Solar PV,380061.89,577419.03,0.173
France,2022,Solar PV,386067.69,523843.94,0.155
France,2023,Solar PV,497189.83,763246.77,0.175
France,2024,Solar PV,732697.02,1044892.15,0.163
France,2025,Solar PV,917572.51,1370337.9,0.17
France,2026,Solar PV,1080510.34,1541267.93,0.163
France,2016,Onshore Wind,162571.13,426545.49,0.3
France,2017,Onshore Wind,197933.83,546912.26,0.315
France,2018,Onshore Wind,242528.17,668587.41,0.315
France,2019,Onshore Wind,252594.12,657836.03,0.297
France,2020,Onshore Wind,338268.77,807457.6,0.272
France,2021,Onshore Wind,366656.56,917061.67,0.286
France,2022,Onshore Wind,409585.07,1034601.42,0.288
France,2023,Onshore Wind,501239.37,1196485.3,0.272
France,2024,Onshore Wind,645340.21,1601232.03,0.283
France,2025,Onshore Wind,689515.41,1914940.3,0.317
France,2026,Onshore Wind,827326.35,2357823.6,0.325
France,2016,Offshore Wind,40960.77,165076.63,0.46
France,2017,Offshore Wind,56681.43,190759.97,0.384
France,2018,Offshore Wind,94225.21,379764.12,0.46
France,2019,Offshore Wind,122881.27,467288.99,0.434
France,2020,Offshore Wind,175667.17,646456.92,0.42
France,2021,Offshore Wind,216766.73,729884.66,0.384
France,2022,Offshore Wind,315639.27,1257021.53,0.455
France,2023,Offshore Wind,466375.22,1868611.23,0.457
France,2024,Offshore Wind,687884.24,2352689.01,0.39
France,2025,Offshore Wind,944822.66,3347063.29,0.404
France,2026,Offshore Wind,1253071.71,4716301.38,0.43
France,2016,Hydropower,260608.34,838202.65,0.367
France,2017,Hydropower,269109.01,833222.68,0.353
France,2018,Hydropower,284919.97,871373.55,0.349
France,2019,Hydropower,293086.32,1059000.19,0.412
France,2020,Hydropower,293778.09,1024741.25,0.398
France,2021,Hydropower,325491.33,1155356.84,0.405
France,2022,Hydropower,305147.13,940166.88,0.352
France,2023,Hydropower,311874.86,1060549.55,0.388
France,2024,Hydropower,351210.46,1207384.55,0.392
France,2025,Hydropower,328947.99,1157900.85,0.402
France,2026,Hydropower,356502.14,1250294.25,0.4
France,2016,Biomass,33252.57,211006.91,0.724
France,2017,Biomass,35907.54,215133.93,0.684
France,2018,Biomass,38338.66,240464.38,0.716
France,2019,Biomass,40476.14,218463.25,0.616
France,2020,Biomass,38054.36,218984.73,0.657
France,2021,Biomass,42216.4,234261.35,0.633
France,2022,Biomass,42258.96,246555.58,0.666
France,2023,Biomass,47079.77,271482.06,0.658
France,2024,Biomass,47060.31,293288.9,0.711
France,2025,Biomass,49874.13,312816.36,0.716
France,2026,Biomass,61579.62,367411.5,0.681
France,2016,Geothermal,11156.87,70431.88,0.721
France,2017,Geothermal,12450.06,84183.37,0.772
France,2018,Geothermal,13001.86,86444.17,0.759
France,2019,Geothermal,14330.24,86081.56,0.686
France,2020,Geothermal,15211.21,87962.36,0.66
France,2021,Geothermal,15750.03,90098.04,0.653
France,2022,Geothermal,18503.33,111681.96,0.689
France,2023,Geothermal,19632.56,122653.97,0.713
France,2024,Geothermal,20082.77,118689.91,0.675
France,2025,Geothermal,22288.74,137340.97,0.703
France,2026,Geothermal,24282.79,140672.43,0.661
France,2016,Concentrated Solar,16750.78,34180.66,0.233
France,2017,Concentrated Solar,18990.8,40324.56,0.242
France,2018,Concentrated Solar,24160.82,51825.43,0.245
France,2019,Concentrated Solar,21539.02,40986.46,0.217
France,2020,Concentrated Solar,29060.63,57713.14,0.227
France,2021,Concentrated Solar,32788.61,70465.19,0.245
France,2022,Concentrated Solar,38398.12,86165.25,0.256
France,2023,Concentrated Solar,36218.23,76664.58,0.242
France,2024,Concentrated Solar,37898.16,76354.24,0.23
France,2025,Concentrated Solar,53940.16,116911.75,0.247
France,2026,Concentrated Solar,50982.94,108192.33,0.242
Spain,2016,Solar PV,114405.06,181897.01,0.181
Spain,2017,Solar PV,159977.97,248223.08,0.177
Spain,2018,Solar PV,197778.06,311156.3,0.18
Spain,2019,Solar PV,233914.18,352341.04,0.172
Spain,2020,Solar PV,284715.32,419614.99,0.168
Spain,2021,Solar PV,321845.78,468166.13,0.166
Spain,2022,Solar PV,373665.82,526057.13,0.161
Spain,2023,Solar PV,577096.54,861968.94,0.171
Spain,2024,Solar PV,574895.35,795461.2,0.158
Spain,2025,Solar PV,673124.79,1081428.1,0.183
Spain,2026,Solar PV,835414.09,1322780.52,0.181
Spain,2016,Onshore Wind,207583.66,499006.77,0.274
Spain,2017,Onshore Wind,213700.96,601000.33,0.321
Spain,2018,Onshore Wind,237204.11,615289.5,0.296
Spain,2019,Onshore Wind,279834.34,797193.55,0.325
Spain,2020,Onshore Wind,379503.08,1076385.46,0.324
Spain,2021,Onshore Wind,383464.83,1007782.85,0.3
Spain,2022,Onshore Wind,477418.25,1318589.16,0.315
Spain,2023,Onshore Wind,534884.13,1407684.29,0.3
Spain,2024,Onshore Wind,633469.97,1775223.28,0.32
Spain,2025,Onshore Wind,771990.39,2070561.6,0.306
Spain,2026,Onshore Wind,872702.1,2475041.53,0.324
Spain,2016,Offshore Wind,50705.01,184602.03,0.416
Spain,2017,Offshore Wind,69664.42,287493.39,0.471
Spain,2018,Offshore Wind,85390.21,305086.31,0.408
Spain,2019,Offshore Wind,113058.13,425839.03,0.43
Spain,2020,Offshore Wind,170350.09,680503.8,0.456
Spain,2021,Offshore Wind,222313.85,769164.43,0.395
Spain,2022,Offshore Wind,268051.0,1033659.74,0.44
Spain,2023,Offshore Wind,408100.08,1545842.27,0.432
Spain,2024,Offshore Wind,470324.8,1889577.62,0.459
Spain,2025,Offshore Wind,735834.41,2630934.49,0.408
Spain,2026,Offshore Wind,973891.83,3472672.98,0.407
Spain,2016,Hydropower,269032.83,883767.66,0.375
Spain,2017,Hydropower,316135.93,990771.35,0.358
Spain,2018,Hydropower,302960.11,976558.35,0.368
Spain,2019,Hydropower,292062.28,880778.77,0.344
Spain,2020,Hydropower,327115.03,1028329.7,0.359
Spain,2021,Hydropower,365187.22,1183622.48,0.37
Spain,2022,Hydropower,323771.75,1175525.49,0.414
Spain,2023,Hydropower,382086.41,1312043.65,0.392
Spain,2024,Hydropower,392539.2,1206991.22,0.351
Spain,2025,Hydropower,374894.66,1334586.34,0.406
Spain,2026,Hydropower,414261.95,1274131.37,0.351
Spain,2016,Biomass,35273.7,184080.73,0.596
Spain,2017,Biomass,34407.0,190135.31,0.631
Spain,2018,Biomass,42254.44,248678.11,0.672
Spain,2019,Biomass,43641.45,255715.3,0.669
Spain,2020,Biomass,40581.32,225856.45,0.635
Spain,2021,Biomass,44539.47,234756.85,0.602
Spain,2022,Biomass,48110.03,297600.82,0.706
Spain,2023,Biomass,51097.66,273278.25,0.611
Spain,2024,Biomass,58730.79,349098.21,0.679
Spain,2025,Biomass,51729.75,302321.94,0.667
Spain,2026,Biomass,57251.48,308487.14,0.615
Spain,2016,Geothermal,12016.42,70904.08,0.674
Spain,2017,Geothermal,12696.7,81988.74,0.737
Spain,2018,Geothermal,13227.01,90806.01,0.784
Spain,2019,Geothermal,14228.55,89294.7,0.716
Spain,2020,Geothermal,16039.26,110400.92,0.786
Spain,2021,Geothermal,17366.96,105896.04,0.696
Spain,2022,Geothermal,18560.59,119154.74,0.733
Spain,2023,Geothermal,21028.45,124442.11,0.676
Spain,2024,Geothermal,20576.94,136231.98,0.756
Spain,2025,Geothermal,22942.17,150215.79,0.747
Spain,2026,Geothermal,25437.5,167843.05,0.753
Spain,2016,Concentrated Solar,18052.99,33956.21,0.215
Spain,2017,Concentrated Solar,21800.42,48349.34,0.253
Spain,2018,Concentrated Solar,21955.55,48362.92,0.251
Spain,2019,Concentrated Solar,27228.52,58979.17,0.247
Spain,2020,Concentrated Solar,32364.18,71749.32,0.253
Spain,2021,Concentrated Solar,30604.82,67375.64,0.251
Spain,2022,Concentrated Solar,39339.55,78286.8,0.227
Spain,2023,Concentrated Solar,38907.59,75825.74,0.222
Spain,2024,Concentrated Solar,43986.65,99863.62,0.259
Spain,2025,Concentrated Solar,57956.07,132993.86,0.262
Spain,2026,Concentrated Solar,66106.37,130391.6,0.225
Italy,2016,Solar PV,96024.2,152344.9,0.181
Italy,2017,Solar PV,135734.71,196130.66,0.165
Italy,2018,Solar PV,132313.51,192693.27,0.166
Italy,2019,Solar PV,203024.85,319701.11,0.18
Italy,2020,Solar PV,247852.16,362412.47,0.167
Italy,2021,Solar PV,308569.21,461854.86,0.171
Italy,2022,Solar PV,329125.99,537058.1,0.186
Italy,2023,Solar PV,403861.24,643322.71,0.182
Italy,2024,Solar PV,522868.94,713805.21,0.156
Italy,2025,Solar PV,615122.29,983957.95,0.183
Italy,2026,Solar PV,737465.61,1063113.64,0.165
Italy,2016,Onshore Wind,166726.18,425911.0,0.292
Italy,2017,Onshore Wind,185007.99,485020.23,0.299
Italy,2018,Onshore Wind,212345.37,547810.99,0.294
Italy,2019,Onshore Wind,203351.89,583721.11,0.328
Italy,2020,Onshore Wind,247860.97,729287.07,0.336
Italy,2021,Onshore Wind,273384.27,801607.11,0.335
Italy,2022,Onshore Wind,360040.09,873022.01,0.277
Italy,2023,Onshore Wind,377734.61,976975.35,0.295
Italy,2024,Onshore Wind,441025.23,1218828.23,0.315
Italy,2025,Onshore Wind,512909.9,1263178.03,0.281
Italy,2026,Onshore Wind,533809.14,1505744.67,0.322
Italy,2016,Offshore Wind,36658.11,145330.4,0.453
Italy,2017,Offshore Wind,50185.48,183304.6,0.417
Italy,2018,Offshore Wind,67144.18,257011.59,0.437
Italy,2019,Offshore Wind,88175.4,361409.13,0.468
Italy,2020,Offshore Wind,106577.27,421227.04,0.451
Italy,2021,Offshore Wind,142613.2,537384.52,0.43
Italy,2022,Offshore Wind,176887.67,683284.12,0.441
Italy,2023,Offshore Wind,220390.91,758176.23,0.393
Italy,2024,Offshore Wind,312153.4,1168747.97,0.427
Italy,2025,Offshore Wind,374366.03,1420166.05,0.433
Italy,2026,Offshore Wind,468688.24,1666614.34,0.406
Italy,2016,Hydropower,259912.97,826141.75,0.363
Italy,2017,Hydropower,264374.71,878420.17,0.379
Italy,2018,Hydropower,239729.72,857288.03,0.408
Italy,2019,Hydropower,260608.6,940326.46,0.412
Italy,2020,Hydropower,267959.03,814575.01,0.347
Italy,2021,Hydropower,286368.89,1022606.5,0.408
Italy,2022,Hydropower,278169.22,896226.64,0.368
Italy,2023,Hydropower,274321.81,921269.67,0.383
Italy,2024,Hydropower,322504.4,1152964.35,0.408
Italy,2025,Hydropower,322998.04,1171923.77,0.414
Italy,2026,Hydropower,328666.6,1161712.34,0.403
Italy,2016,Biomass,27819.43,151857.41,0.623
Italy,2017,Biomass,29325.99,181279.01,0.706
Italy,2018,Biomass,30049.92,177043.69,0.673
Italy,2019,Biomass,33946.51,210394.05,0.708
Italy,2020,Biomass,36987.76,220546.67,0.681
Italy,2021,Biomass,35264.78,197183.53,0.638
Italy,2022,Biomass,44409.84,270625.63,0.696
Italy,2023,Biomass,42619.31,262343.29,0.703
Italy,2024,Biomass,47408.48,251390.5,0.605
Italy,2025,Biomass,51181.13,307084.94,0.685
Italy,2026,Biomass,48618.14,293959.15,0.69
Italy,2016,Geothermal,10412.11,68821.63,0.755
Italy,2017,Geothermal,10936.4,63689.21,0.665
Italy,2018,Geothermal,12135.43,74668.84,0.702
Italy,2019,Geothermal,12976.64,73412.93,0.646
Italy,2020,Geothermal,12896.24,74612.01,0.66
Italy,2021,Geothermal,13922.11,83650.67,0.686
Italy,2022,Geothermal,15810.09,95479.88,0.689
Italy,2023,Geothermal,17381.75,117508.14,0.772
Italy,2024,Geothermal,18515.84,109498.88,0.675
Italy,2025,Geothermal,19499.26,123007.32,0.72
Italy,2026,Geothermal,19907.6,119095.43,0.683
Italy,2016,Concentrated Solar,16065.05,31091.69,0.221
Italy,2017,Concentrated Solar,20390.08,39333.22,0.22
Italy,2018,Concentrated Solar,21155.92,46059.34,0.249
Italy,2019,Concentrated Solar,23364.46,52115.08,0.255
Italy,2020,Concentrated Solar,25889.29,57550.7,0.254
Italy,2021,Concentrated Solar,24462.27,46023.61,0.215
Italy,2022,Concentrated Solar,33315.05,70432.2,0.241
Italy,2023,Concentrated Solar,37470.44,82338.61,0.251
Italy,2024,Concentrated Solar,39198.22,83938.21,0.244
Italy,2025,Concentrated Solar,45066.87,96271.75,0.244
Italy,2026,Concentrated Solar,47385.74,108063.79,0.26
Australia,2016,Solar PV,77362.12,110943.38,0.164
Australia,2017,Solar PV,81828.19,111218.76,0.155
Australia,2018,Solar PV,117996.31,176167.72,0.17
Australia,2019,Solar PV,140215.27,214753.19,0.175
Australia,2020,Solar PV,185958.34,291363.79,0.179
Australia,2021,Solar PV,270025.99,435210.28,0.184
Australia,2022,Solar PV,369134.12,509965.58,0.158
Australia,2023,Solar PV,397604.18,603325.51,0.173
Australia,2024,Solar PV,500948.04,745103.5,0.17
Australia,2025,Solar PV,630939.98,894965.45,0.162
Australia,2026,Solar PV,763434.36,1093086.28,0.163
Australia,2016,Onshore Wind,120518.48,303936.79,0.288
Australia,2017,Onshore Wind,145799.08,360452.35,0.282
Australia,2018,Onshore Wind,146876.19,397534.28,0.309
Australia,2019,Onshore Wind,167267.91,470115.88,0.321
Australia,2020,Onshore Wind,200110.47,534554.17,0.305
Australia,2021,Onshore Wind,228763.21,584650.17,0.292
Australia,2022,Onshore Wind,231632.48,674665.57,0.332
Australia,2023,Onshore Wind,299372.76,875570.48,0.334
Australia,2024,Onshore Wind,318387.24,821619.64,0.295
Australia,2025,Onshore Wind,348500.06,927072.01,0.304
Australia,2026,Onshore Wind,487491.97,1340371.05,0.314
Australia,2016,Offshore Wind,29532.93,118681.35,0.459
Australia,2017,Offshore Wind,38913.2,157459.46,0.462
Australia,2018,Offshore Wind,55522.63,219476.78,0.451
Australia,2019,Offshore Wind,69558.29,255036.76,0.419
Australia,2020,Offshore Wind,97548.7,341826.87,0.4
Australia,2021,Offshore Wind,130847.34,446015.73,0.389
Australia,2022,Offshore Wind,174398.59,689459.74,0.451
Australia,2023,Offshore Wind,224188.35,926009.77,0.472
Australia,2024,Offshore Wind,327024.84,1126394.73,0.393
Australia,2025,Offshore Wind,465173.84,1703119.44,0.418
Australia,2026,Offshore Wind,605465.17,2190594.08,0.413
Australia,2016,Hydropower,183082.77,570833.73,0.356
Australia,2017,Hydropower,182376.34,607104.3,0.38
Australia,2018,Hydropower,174817.03,537463.61,0.351
Australia,2019,Hydropower,189968.16,628870.58,0.378
Australia,2020,Hydropower,200675.14,682951.15,0.389
Australia,2021,Hydropower,209711.04,672803.02,0.366
Australia,2022,Hydropower,220487.65,681809.86,0.353
Australia,2023,Hydropower,241807.51,845483.6,0.399
Australia,2024,Hydropower,224658.66,722082.25,0.367
Australia,2025,Hydropower,252922.96,847662.14,0.383
Australia,2026,Hydropower,257084.33,819711.64,0.364
Australia,2016,Biomass,21409.43,129282.02,0.689
Australia,2017,Biomass,25455.9,150903.9,0.677
Australia,2018,Biomass,25990.78,158588.91,0.697
Australia,2019,Biomass,26890.97,141039.91,0.599
Australia,2020,Biomass,27236.64,174265.92,0.73
Australia,2021,Biomass,30553.6,188335.01,0.704
Australia,2022,Biomass,31020.2,189127.83,0.696
Australia,2023,Biomass,32805.1,177846.83,0.619
Australia,2024,Biomass,34962.69,208805.73,0.682
Australia,2025,Biomass,38459.15,207426.79,0.616
Australia,2026,Biomass,39404.66,206910.65,0.599
Australia,2016,Geothermal,7043.52,39509.82,0.64
Australia,2017,Geothermal,7871.49,45524.62,0.66
Australia,2018,Geothermal,8944.86,54775.94,0.699
Australia,2019,Geothermal,9869.88,67056.59,0.776
Australia,2020,Geothermal,10903.88,71435.59,0.748
Australia,2021,Geothermal,11000.17,63426.3,0.658
Australia,2022,Geothermal,12220.57,73465.34,0.686
Australia,2023,Geothermal,14000.17,87850.72,0.716
Australia,2024,Geothermal,14795.6,85992.97,0.663
Australia,2025,Geothermal,17178.7,103661.72,0.689
Australia,2026,Geothermal,17792.19,117408.78,0.753
Australia,2016,Concentrated Solar,12231.3,26482.85,0.247
Australia,2017,Concentrated Solar,13696.57,26649.58,0.222
Australia,2018,Concentrated Solar,13850.45,29168.24,0.24
Australia,2019,Concentrated Solar,15549.29,35571.09,0.261
Australia,2020,Concentrated Solar,17998.28,35782.09,0.227
Australia,2021,Concentrated Solar,19761.81,42888.76,0.248
Australia,2022,Concentrated Solar,23149.34,46629.16,0.23
Australia,2023,Concentrated Solar,31295.84,69160.3,0.252
Australia,2024,Concentrated Solar,29181.65,55879.38,0.219
Australia,2025,Concentrated Solar,37274.35,75585.16,0.231
Australia,2026,Concentrated Solar,45787.0,101644.82,0.253
Canada,2016,Solar PV,112888.21,161541.57,0.163
Canada,2017,Solar PV,164154.64,237943.66,0.165
Canada,2018,Solar PV,194091.17,275833.09,0.162
Canada,2019,Solar PV,251310.94,352841.61,0.16
Canada,2020,Solar PV,327574.18,535426.03,0.187
Canada,2021,Solar PV,439049.85,607456.37,0.158
Canada,2022,Solar PV,549365.18,837970.26,0.174
Canada,2023,Solar PV,627321.33,973300.86,0.177
Canada,2024,Solar PV,878626.12,1354368.95,0.176
Canada,2025,Solar PV,965019.74,1419176.09,0.168
Canada,2026,Solar PV,1520357.67,2085912.23,0.157
Canada,2016,Onshore Wind,169848.61,457108.4,0.307
Canada,2017,Onshore Wind,247927.88,647302.17,0.298
Canada,2018,Onshore Wind,289518.13,832418.48,0.328
Canada,2019,Onshore Wind,304074.19,758526.14,0.285
Canada,2020,Onshore Wind,396253.72,1015510.89,0.293
Canada,2021,Onshore Wind,430391.47,1244582.73,0.33
Canada,2022,Onshore Wind,437178.22,1182393.13,0.309
Canada,2023,Onshore Wind,570355.57,1590224.74,0.318
Canada,2024,Onshore Wind,728737.62,2109486.33,0.33
Canada,2025,Onshore Wind,709276.65,2040831.37,0.328
Canada,2026,Onshore Wind,827346.91,2397902.9,0.331
Canada,2016,Offshore Wind,47191.7,176556.47,0.427
Canada,2017,Offshore Wind,74375.75,305628.13,0.469
Canada,2018,Offshore Wind,105378.85,425933.35,0.461
Canada,2019,Offshore Wind,124320.77,472230.11,0.434
Canada,2020,Offshore Wind,180323.16,743957.91,0.471
Canada,2021,Offshore Wind,265836.34,1098038.6,0.472
Canada,2022,Offshore Wind,397790.37,1487775.99,0.427
Canada,2023,Offshore Wind,608962.6,2449049.95,0.459
Canada,2024,Offshore Wind,789691.18,2766061.17,0.4
Canada,2025,Offshore Wind,1040857.59,3620946.28,0.397
Canada,2026,Offshore Wind,1588528.33,5644879.3,0.406
Canada,2016,Hydropower,300051.36,1059952.41,0.403
Canada,2017,Hydropower,299908.26,1052409.2,0.401
Canada,2018,Hydropower,288665.6,1032957.37,0.408
Canada,2019,Hydropower,332311.55,1182349.38,0.406
Canada,2020,Hydropower,321443.07,976925.22,0.347
Canada,2021,Hydropower,337982.94,1050415.38,0.355
Canada,2022,Hydropower,318285.66,1020162.84,0.366
Canada,2023,Hydropower,332592.99,1051379.11,0.361
Canada,2024,Hydropower,340605.59,1194378.67,0.4
Canada,2025,Hydropower,391500.76,1248888.86,0.364
Canada,2026,Hydropower,387918.63,1158485.7,0.341
Canada,2016,Biomass,37531.53,198481.34,0.604
Canada,2017,Biomass,35150.47,196437.25,0.638
Canada,2018,Biomass,39317.94,229164.24,0.665
Canada,2019,Biomass,45538.06,276645.65,0.693
Canada,2020,Biomass,42762.76,229045.81,0.611
Canada,2021,Biomass,50696.76,282585.45,0.636
Canada,2022,Biomass,50415.45,276324.03,0.626
Canada,2023,Biomass,48097.69,259730.72,0.616
Canada,2024,Biomass,57363.97,341606.94,0.68
Canada,2025,Biomass,56588.0,333064.57,0.672
Canada,2026,Biomass,60257.84,353798.6,0.67
Canada,2016,Geothermal,11706.88,69183.82,0.675
Canada,2017,Geothermal,13406.05,90246.85,0.768
Canada,2018,Geothermal,13594.3,83897.57,0.705
Canada,2019,Geothermal,15710.76,89349.08,0.649
Canada,2020,Geothermal,16816.85,95278.42,0.647
Canada,2021,Geothermal,18220.55,113854.95,0.713
Canada,2022,Geothermal,19823.18,114605.83,0.66
Canada,2023,Geothermal,20990.74,131574.78,0.716
Canada,2024,Geothermal,22289.12,130489.39,0.668
Canada,2025,Geothermal,25363.78,144674.95,0.651
Canada,2026,Geothermal,27327.41,181648.6,0.759
Canada,2016,Concentrated Solar,19350.34,39892.24,0.235
Canada,2017,Concentrated Solar,18685.14,38566.53,0.236
Canada,2018,Concentrated Solar,26297.78,57284.38,0.249
Canada,2019,Concentrated Solar,26076.21,57865.89,0.253
Canada,2020,Concentrated Solar,32304.82,68318.25,0.241
Canada,2021,Concentrated Solar,29041.84,58443.91,0.23
Canada,2022,Concentrated Solar,32670.23,75041.11,0.262
Canada,2023,Concentrated Solar,47494.29,89846.39,0.216
Canada,2024,Concentrated Solar,53076.07,99538.85,0.214
Canada,2025,Concentrated Solar,51060.0,112245.7,0.251
Canada,2026,Concentrated Solar,63356.72,145087.51,0.261
Netherlands,2016,Solar PV,102834.3,150230.51,0.167
Netherlands,2017,Solar PV,123610.12,201019.49,0.186
Netherlands,2018,Solar PV,133047.54,206966.87,0.178
Netherlands,2019,Solar PV,179985.31,271841.49,0.172
Netherlands,2020,Solar PV,223020.06,323368.55,0.166
Netherlands,2021,Solar PV,239259.88,361213.0,0.172
Netherlands,2022,Solar PV,331739.69,520770.71,0.179
Netherlands,2023,Solar PV,374513.91,502363.72,0.153
Netherlands,2024,Solar PV,434724.53,623556.59,0.164
Netherlands,2025,Solar PV,662971.51,1002397.2,0.173
Netherlands,2026,Solar PV,790193.64,1264258.42,0.183
Netherlands,2016,Onshore Wind,138048.55,350265.09,0.29
Netherlands,2017,Onshore Wind,179747.47,501351.18,0.318
Netherlands,2018,Onshore Wind,167453.64,474989.92,0.324
Netherlands,2019,Onshore Wind,205440.56,577739.98,0.321
Netherlands,2020,Onshore Wind,259649.93,620950.65,0.273
Netherlands,2021,Onshore Wind,250780.88,611726.48,0.278
Netherlands,2022,Onshore Wind,271921.87,739046.14,0.31
Netherlands,2023,Onshore Wind,364442.81,878310.79,0.275
Netherlands,2024,Onshore Wind,417114.12,1087936.26,0.298
Netherlands,2025,Onshore Wind,418992.95,1049380.34,0.286
Netherlands,2026,Onshore Wind,552211.06,1333238.93,0.276
Netherlands,2016,Offshore Wind,34324.87,137088.94,0.456
Netherlands,2017,Offshore Wind,50638.06,182404.57,0.411
Netherlands,2018,Offshore Wind,66642.52,258634.58,0.443
Netherlands,2019,Offshore Wind,85108.86,305422.6,0.41
Netherlands,2020,Offshore Wind,110713.36,428594.84,0.442
Netherlands,2021,Offshore Wind,152028.19,545418.61,0.41
Netherlands,2022,Offshore Wind,198358.78,812976.11,0.468
Netherlands,2023,Offshore Wind,315983.03,1285857.51,0.465
Netherlands,2024,Offshore Wind,406622.87,1499423.83,0.421
Netherlands,2025,Offshore Wind,535195.48,2203535.52,0.47
Netherlands,2026,Offshore Wind,787331.62,3054836.03,0.443
Netherlands,2016,Hydropower,208775.53,682729.45,0.373
Netherlands,2017,Hydropower,209728.19,679985.61,0.37
Netherlands,2018,Hydropower,238974.53,791063.53,0.378
Netherlands,2019,Hydropower,250567.53,799098.95,0.364
Netherlands,2020,Hydropower,253381.39,897752.56,0.404
Netherlands,2021,Hydropower,270252.27,911431.2,0.385
Netherlands,2022,Hydropower,281509.57,948390.69,0.385
Netherlands,2023,Hydropower,254816.42,802313.77,0.359
Netherlands,2024,Hydropower,266433.77,914297.18,0.392
Netherlands,2025,Hydropower,308589.04,1102301.98,0.408
Netherlands,2026,Hydropower,279245.84,973503.75,0.398
Netherlands,2016,Biomass,25631.84,154775.08,0.689
Netherlands,2017,Biomass,28631.34,179908.14,0.717
Netherlands,2018,Biomass,27456.6,168757.75,0.702
Netherlands,2019,Biomass,31936.99,188350.75,0.673
Netherlands,2020,Biomass,31773.36,199489.79,0.717
Netherlands,2021,Biomass,32190.04,205562.05,0.729
Netherlands,2022,Biomass,31392.01,199701.31,0.726
Netherlands,2023,Biomass,39637.7,212302.56,0.611
Netherlands,2024,Biomass,41658.23,241598.91,0.662
Netherlands,2025,Biomass,37498.08,223242.51,0.68
Netherlands,2026,Biomass,38826.58,245947.42,0.723
Netherlands,2016,Geothermal,9205.64,56013.44,0.695
Netherlands,2017,Geothermal,9723.05,58888.31,0.691
Netherlands,2018,Geothermal,10231.9,64034.72,0.714
Netherlands,2019,Geothermal,11334.76,64767.6,0.652
Netherlands,2020,Geothermal,12854.04,79713.19,0.708
Netherlands,2021,Geothermal,13715.97,93075.6,0.775
Netherlands,2022,Geothermal,14163.11,86797.29,0.7
Netherlands,2023,Geothermal,15617.48,91756.66,0.671
Netherlands,2024,Geothermal,16193.52,95981.52,0.677
Netherlands,2025,Geothermal,18948.43,120237.13,0.724
Netherlands,2026,Geothermal,19480.04,112687.51,0.66
Netherlands,2016,Concentrated Solar,13817.38,30764.57,0.254
Netherlands,2017,Concentrated Solar,15933.79,34229.25,0.245
Netherlands,2018,Concentrated Solar,18702.04,36921.74,0.225
Netherlands,2019,Concentrated Solar,21601.77,49356.38,0.261
Netherlands,2020,Concentrated Solar,22835.41,47415.01,0.237
Netherlands,2021,Concentrated Solar,21929.99,48458.67,0.252
Netherlands,2022,Concentrated Solar,24390.88,53098.88,0.249
Netherlands,2023,Concentrated Solar,30000.17,67893.44,0.258
Netherlands,2024,Concentrated Solar,33895.64,72625.23,0.245
Netherlands,2025,Concentrated Solar,32289.22,60584.73,0.214
Netherlands,2026,Concentrated Solar,45681.53,103947.97,0.26
South Korea,2016,Solar PV,89408.27,143588.33,0.183
South Korea,2017,Solar PV,107761.01,168462.03,0.178
South Korea,2018,Solar PV,127573.12,191330.07,0.171
South Korea,2019,Solar PV,183694.74,281993.57,0.175
South Korea,2020,Solar PV,255940.0,392792.54,0.175
South Korea,2021,Solar PV,309558.28,462520.24,0.171
South Korea,2022,Solar PV,338349.76,512344.88,0.173
South Korea,2023,Solar PV,432677.76,652147.99,0.172
South Korea,2024,Solar PV,603314.62,994587.01,0.188
South Korea,2025,Solar PV,706265.83,1127706.84,0.182
South Korea,2026,Solar PV,1109252.11,1768716.96,0.182
South Korea,2016,Onshore Wind,133058.09,324224.97,0.278
South Korea,2017,Onshore Wind,158022.74,393527.95,0.284
South Korea,2018,Onshore Wind,203978.02,579248.98,0.324
South Korea,2019,Onshore Wind,224783.37,585613.73,0.297
South Korea,2020,Onshore Wind,271123.28,707728.08,0.298
South Korea,2021,Onshore Wind,333589.51,980047.36,0.335
South Korea,2022,Onshore Wind,360426.71,997019.97,0.316
South Korea,2023,Onshore Wind,491002.33,1349878.53,0.314
South Korea,2024,Onshore Wind,578047.12,1623488.23,0.321
South Korea,2025,Onshore Wind,564219.04,1464346.21,0.296
South Korea,2026,Onshore Wind,743657.51,1795323.29,0.276
South Korea,2016,Offshore Wind,34314.7,128501.27,0.427
South Korea,2017,Offshore Wind,46439.17,184321.82,0.453
South Korea,2018,Offshore Wind,61094.88,246036.14,0.46
South Korea,2019,Offshore Wind,71011.75,267508.42,0.43
South Korea,2020,Offshore Wind,89943.34,316365.03,0.402
South Korea,2021,Offshore Wind,136191.42,551636.23,0.462
South Korea,2022,Offshore Wind,161742.13,547886.83,0.387
South Korea,2023,Offshore Wind,190534.77,777464.0,0.466
South Korea,2024,Offshore Wind,288165.55,1093579.97,0.433
South Korea,2025,Offshore Wind,309983.52,1265643.93,0.466
South Korea,2026,Offshore Wind,421862.32,1733315.13,0.469
South Korea,2016,Hydropower,229266.09,797357.24,0.397
South Korea,2017,Hydropower,223515.69,677770.61,0.346
South Korea,2018,Hydropower,221614.48,697403.68,0.359
South Korea,2019,Hydropower,254472.43,827320.66,0.371
South Korea,2020,Hydropower,264837.87,850361.63,0.367
South Korea,2021,Hydropower,267270.33,822251.12,0.351
South Korea,2022,Hydropower,285431.54,994984.06,0.398
South Korea,2023,Hydropower,272993.71,999486.16,0.418
South Korea,2024,Hydropower,261336.22,858414.08,0.375
South Korea,2025,Hydropower,305893.58,984086.38,0.367
South Korea,2026,Hydropower,312054.92,1138240.55,0.416
South Korea,2016,Biomass,29053.56,152488.57,0.599
South Korea,2017,Biomass,27558.21,177185.73,0.734
South Korea,2018,Biomass,30193.74,170551.34,0.645
South Korea,2019,Biomass,34497.52,198078.5,0.655
South Korea,2020,Biomass,34414.06,207256.88,0.687
South Korea,2021,Biomass,31927.93,190637.53,0.682
South Korea,2022,Biomass,38655.93,235289.21,0.695
South Korea,2023,Biomass,35034.21,189231.54,0.617
South Korea,2024,Biomass,41758.52,250117.47,0.684
South Korea,2025,Biomass,43995.09,246397.77,0.639
South Korea,2026,Biomass,40533.24,211525.61,0.596
South Korea,2016,Geothermal,9053.53,53768.67,0.678
South Korea,2017,Geothermal,9498.03,55380.47,0.666
South Korea,2018,Geothermal,10534.56,66509.17,0.721
South Korea,2019,Geothermal,11266.29,63305.4,0.641
South Korea,2020,Geothermal,12032.38,68666.21,0.651
South Korea,2021,Geothermal,13241.26,79590.61,0.686
South Korea,2022,Geothermal,13919.67,83072.39,0.681
South Korea,2023,Geothermal,14951.71,85161.88,0.65
South Korea,2024,Geothermal,16889.68,114409.74,0.773
South Korea,2025,Geothermal,18271.57,115769.67,0.723
South Korea,2026,Geothermal,18107.04,110177.39,0.695
South Korea,2016,Concentrated Solar,13814.95,28700.39,0.237
South Korea,2017,Concentrated Solar,14077.25,28884.94,0.234
South Korea,2018,Concentrated Solar,17440.07,36163.61,0.237
South Korea,2019,Concentrated Solar,17196.77,33907.63,0.225
South Korea,2020,Concentrated Solar,20067.77,42850.0,0.244
South Korea,2021,Concentrated Solar,24622.62,47943.94,0.222
South Korea,2022,Concentrated Solar,23293.69,46469.52,0.228
South Korea,2023,Concentrated Solar,33039.13,66309.91,0.229
South Korea,2024,Concentrated Solar,33265.58,73639.54,0.253
South Korea,2025,Concentrated Solar,33593.7,67459.99,0.229
South Korea,2026,Concentrated Solar,42733.67,95636.45,0.255
Turkey,2016,Solar PV,115836.15,189857.06,0.187
Turkey,2017,Solar PV,135239.85,194658.95,0.164
Turkey,2018,Solar PV,205441.0,338110.1,0.188
Turkey,2019,Solar PV,205136.22,319898.01,0.178
Turkey,2020,Solar PV,264855.04,403080.05,0.174
Turkey,2021,Solar PV,297395.81,433862.67,0.167
Turkey,2022,Solar PV,428287.25,627096.49,0.167
Turkey,2023,Solar PV,419715.99,637169.12,0.173
Turkey,2024,Solar PV,592044.61,895378.43,0.173
Turkey,2025,Solar PV,737282.35,1116068.0,0.173
Turkey,2026,Solar PV,963833.97,1432119.62,0.17
Turkey,2016,Onshore Wind,192982.81,491344.26,0.291
Turkey,2017,Onshore Wind,238244.67,677059.16,0.324
Turkey,2018,Onshore Wind,283492.18,740510.26,0.298
Turkey,2019,Onshore Wind,307673.35,842346.1,0.313
Turkey,2020,Onshore Wind,335581.85,923518.83,0.314
Turkey,2021,Onshore Wind,437344.79,1235546.25,0.323
Turkey,2022,Onshore Wind,434010.13,1275185.3,0.335
Turkey,2023,Onshore Wind,559200.55,1458074.82,0.298
Turkey,2024,Onshore Wind,654364.59,1896825.41,0.331
Turkey,2025,Onshore Wind,794439.27,2135062.9,0.307
Turkey,2026,Onshore Wind,944517.86,2440904.86,0.295
Turkey,2016,Offshore Wind,49330.47,190111.79,0.44
Turkey,2017,Offshore Wind,63107.32,249712.09,0.452
Turkey,2018,Offshore Wind,99765.56,362207.74,0.414
Turkey,2019,Offshore Wind,139919.34,473714.21,0.386
Turkey,2020,Offshore Wind,209498.42,813863.42,0.443
Turkey,2021,Offshore Wind,263067.55,1037568.71,0.45
Turkey,2022,Offshore Wind,412423.07,1521870.48,0.421
Turkey,2023,Offshore Wind,478317.05,1700268.51,0.406
Turkey,2024,Offshore Wind,746747.3,2807560.87,0.429
Turkey,2025,Offshore Wind,1064084.41,4048006.51,0.434
Turkey,2026,Offshore Wind,1455772.37,5326773.27,0.418
Turkey,2016,Hydropower,297978.73,992008.85,0.38
Turkey,2017,Hydropower,296058.14,886875.78,0.342
Turkey,2018,Hydropower,293840.82,960834.67,0.373
Turkey,2019,Hydropower,348069.54,1065002.77,0.349
Turkey,2020,Hydropower,358521.09,1103415.33,0.351
Turkey,2021,Hydropower,335633.89,1106751.77,0.376
Turkey,2022,Hydropower,340791.44,1130348.82,0.379
Turkey,2023,Hydropower,368047.8,1209208.79,0.375
Turkey,2024,Hydropower,393766.28,1260797.0,0.366
Turkey,2025,Hydropower,381842.4,1354081.24,0.405
Turkey,2026,Hydropower,382469.83,1366757.97,0.408
Turkey,2016,Biomass,38027.91,205874.14,0.618
Turkey,2017,Biomass,42414.45,233760.22,0.629
Turkey,2018,Biomass,38068.58,205897.37,0.617
Turkey,2019,Biomass,43389.54,277157.57,0.729
Turkey,2020,Biomass,42725.84,243919.69,0.652
Turkey,2021,Biomass,44537.88,267124.09,0.685
Turkey,2022,Biomass,49376.16,259126.14,0.599
Turkey,2023,Biomass,53909.31,294032.11,0.623
Turkey,2024,Biomass,56521.2,321552.95,0.649
Turkey,2025,Biomass,60829.74,332408.6,0.624
Turkey,2026,Biomass,64636.9,401009.02,0.708
Turkey,2016,Geothermal,11754.71,79112.49,0.768
Turkey,2017,Geothermal,12641.74,76012.82,0.686
Turkey,2018,Geothermal,13852.56,82135.03,0.677
Turkey,2019,Geothermal,15367.59,96476.46,0.717
Turkey,2020,Geothermal,16028.52,102084.33,0.727
Turkey,2021,Geothermal,17039.58,108300.58,0.726
Turkey,2022,Geothermal,17691.08,118450.8,0.764
Turkey,2023,Geothermal,19374.7,128914.44,0.76
Turkey,2024,Geothermal,20834.39,124492.6,0.682
Turkey,2025,Geothermal,22010.38,125368.11,0.65
Turkey,2026,Geothermal,22348.38,128265.62,0.655
Turkey,2016,Concentrated Solar,17725.09,38378.8,0.247
Turkey,2017,Concentrated Solar,21825.78,44626.94,0.233
Turkey,2018,Concentrated Solar,21537.51,43711.77,0.232
Turkey,2019,Concentrated Solar,24306.34,52011.92,0.244
Turkey,2020,Concentrated Solar,31535.6,67616.23,0.245
Turkey,2021,Concentrated Solar,38068.87,80117.91,0.24
Turkey,2022,Concentrated Solar,36653.24,70482.35,0.22
Turkey,2023,Concentrated Solar,38564.57,79405.93,0.235
Turkey,2024,Concentrated Solar,39281.19,79299.26,0.23
Turkey,2025,Concentrated Solar,42962.62,82544.17,0.219
Turkey,2026,Concentrated Solar,61238.88,139848.61,0.261
Sweden,2016,Solar PV,79729.61,117310.42,0.168
Sweden,2017,Solar PV,104016.65,155442.09,0.171
Sweden,2018,Solar PV,103175.99,139288.84,0.154
Sweden,2019,Solar PV,158909.89,227621.49,0.164
Sweden,2020,Solar PV,171699.08,259234.75,0.172
Sweden,2021,Solar PV,207176.56,307553.79,0.169
Sweden,2022,Solar PV,308397.5,487829.46,0.181
Sweden,2023,Solar PV,364566.05,501636.4,0.157
Sweden,2024,Solar PV,396882.09,628946.84,0.181
Sweden,2025,Solar PV,615200.07,895715.02,0.166
Sweden,2026,Solar PV,768549.39,1040156.51,0.154
Sweden,2016,Onshore Wind,122214.74,359021.42,0.335
Sweden,2017,Onshore Wind,127173.71,362202.27,0.325
Sweden,2018,Onshore Wind,173388.41,442075.87,0.291
Sweden,2019,Onshore Wind,212994.07,561209.13,0.301
Sweden,2020,Onshore Wind,213190.65,605591.65,0.324
Sweden,2021,Onshore Wind,253558.92,745456.22,0.336
Sweden,2022,Onshore Wind,319100.2,802716.15,0.287
Sweden,2023,Onshore Wind,374088.04,1014651.59,0.31
Sweden,2024,Onshore Wind,390405.97,1085795.94,0.317
Sweden,2025,Onshore Wind,485988.08,1203197.6,0.283
Sweden,2026,Onshore Wind,500383.65,1250238.19,0.285
Sweden,2016,Offshore Wind,27554.5,99947.96,0.414
Sweden,2017,Offshore Wind,37822.1,142796.02,0.431
Sweden,2018,Offshore Wind,49948.87,195089.08,0.446
Sweden,2019,Offshore Wind,64916.48,231198.29,0.407
Sweden,2020,Offshore Wind,95063.61,392390.16,0.471
Sweden,2021,Offshore Wind,120285.03,412069.52,0.391
Sweden,2022,Offshore Wind,166067.25,659310.05,0.453
Sweden,2023,Offshore Wind,215626.38,891221.81,0.472
Sweden,2024,Offshore Wind,279554.88,964670.82,0.394
Sweden,2025,Offshore Wind,365863.45,1297917.25,0.405
Sweden,2026,Offshore Wind,465099.97,1862202.15,0.457
Sweden,2016,Hydropower,186417.48,619169.38,0.379
Sweden,2017,Hydropower,189633.61,600515.97,0.361
Sweden,2018,Hydropower,190864.41,628927.97,0.376
Sweden,2019,Hydropower,204207.75,734166.01,0.41
Sweden,2020,Hydropower,193110.46,644939.11,0.381
Sweden,2021,Hydropower,205830.9,748109.78,0.415
Sweden,2022,Hydropower,215856.33,786653.43,0.416
Sweden,2023,Hydropower,221486.57,660059.45,0.34
Sweden,2024,Hydropower,245651.06,857787.21,0.399
Sweden,2025,Hydropower,252110.74,831885.08,0.377
Sweden,2026,Hydropower,257780.93,832488.68,0.369
Sweden,2016,Biomass,22819.17,125034.16,0.625
Sweden,2017,Biomass,23266.31,127313.59,0.625
Sweden,2018,Biomass,23434.68,145953.11,0.711
Sweden,2019,Biomass,24755.96,146579.5,0.676
Sweden,2020,Biomass,26994.5,156768.34,0.663
Sweden,2021,Biomass,26874.51,162571.5,0.691
Sweden,2022,Biomass,26277.33,140171.66,0.609
Sweden,2023,Biomass,31786.11,183591.23,0.659
Sweden,2024,Biomass,28965.81,181442.55,0.715
Sweden,2025,Biomass,32229.05,168011.0,0.595
Sweden,2026,Biomass,37068.55,202406.25,0.623
Sweden,2016,Geothermal,7276.31,46849.24,0.735
Sweden,2017,Geothermal,7924.54,53966.89,0.777
Sweden,2018,Geothermal,8708.83,56125.15,0.736
Sweden,2019,Geothermal,9435.22,57301.08,0.693
Sweden,2020,Geothermal,10933.67,63437.16,0.662
Sweden,2021,Geothermal,11295.16,67612.16,0.683
Sweden,2022,Geothermal,12642.65,74492.56,0.673
Sweden,2023,Geothermal,13671.18,88987.91,0.743
Sweden,2024,Geothermal,13890.65,86275.14,0.709
Sweden,2025,Geothermal,15294.7,89959.08,0.671
Sweden,2026,Geothermal,17554.31,98246.28,0.639
Sweden,2016,Concentrated Solar,13236.88,30369.53,0.262
Sweden,2017,Concentrated Solar,13332.78,25590.85,0.219
Sweden,2018,Concentrated Solar,13432.22,27257.79,0.232
Sweden,2019,Concentrated Solar,18617.43,35491.59,0.218
Sweden,2020,Concentrated Solar,18563.81,41719.8,0.257
Sweden,2021,Concentrated Solar,19791.62,43547.01,0.251
Sweden,2022,Concentrated Solar,26987.98,51812.01,0.219
Sweden,2023,Concentrated Solar,32517.72,62566.35,0.22
Sweden,2024,Concentrated Solar,32286.65,60221.45,0.213
Sweden,2025,Concentrated Solar,37759.69,77568.36,0.235
Sweden,2026,Concentrated Solar,43531.88,93010.17,0.244
Denmark,2016,Solar PV,42383.9,68300.71,0.184
Denmark,2017,Solar PV,43640.36,59872.94,0.157
Denmark,2018,Solar PV,66514.66,101515.21,0.174
Denmark,2019,Solar PV,74074.01,121781.38,0.188
Denmark,2020,Solar PV,89951.69,124527.04,0.158
Denmark,2021,Solar PV,110314.13,150782.72,0.156
Denmark,2022,Solar PV,149087.39,228028.93,0.175
Denmark,2023,Solar PV,188004.11,298162.45,0.181
Denmark,2024,Solar PV,238965.92,384178.64,0.184
Denmark,2025,Solar PV,293898.19,421863.85,0.164
Denmark,2026,Solar PV,350083.71,525462.71,0.171
Denmark,2016,Onshore Wind,61068.6,147377.68,0.275
Denmark,2017,Onshore Wind,81951.9,239131.31,0.333
Denmark,2018,Onshore Wind,87034.52,212880.23,0.279
Denmark,2019,Onshore Wind,101498.34,275639.11,0.31
Denmark,2020,Onshore Wind,119047.01,348909.64,0.335
Denmark,2021,Onshore Wind,153834.37,447091.19,0.332
Denmark,2022,Onshore Wind,146276.98,419131.34,0.327
Denmark,2023,Onshore Wind,189968.98,491560.84,0.295
Denmark,2024,Onshore Wind,227275.34,638719.78,0.321
Denmark,2025,Onshore Wind,281272.35,791674.37,0.321
Denmark,2026,Onshore Wind,261156.73,632151.13,0.276
Denmark,2016,Offshore Wind,14577.35,49539.29,0.388
Denmark,2017,Offshore Wind,22362.77,83862.88,0.428
Denmark,2018,Offshore Wind,28550.47,106942.28,0.428
Denmark,2019,Offshore Wind,36030.26,140662.42,0.446
Denmark,2020,Offshore Wind,44227.27,166901.69,0.431
Denmark,2021,Offshore Wind,65015.64,232070.45,0.407
Denmark,2022,Offshore Wind,80483.86,302121.33,0.429
Denmark,2023,Offshore Wind,103622.52,413223.24,0.455
Denmark,2024,Offshore Wind,146106.35,534567.0,0.418
Denmark,2025,Offshore Wind,196118.82,786169.87,0.458
Denmark,2026,Offshore Wind,260582.69,886717.34,0.388
Denmark,2016,Hydropower,99874.09,356710.77,0.408
Denmark,2017,Hydropower,92414.79,280831.73,0.347
Denmark,2018,Hydropower,101593.67,334865.24,0.376
Denmark,2019,Hydropower,107840.51,344566.64,0.365
Denmark,2020,Hydropower,113659.01,397517.06,0.399
Denmark,2021,Hydropower,106092.35,368617.51,0.397
Denmark,2022,Hydropower,120389.65,372390.94,0.353
Denmark,2023,Hydropower,129133.84,431942.63,0.382
Denmark,2024,Hydropower,129934.03,452626.8,0.398
Denmark,2025,Hydropower,121493.0,372661.92,0.35
Denmark,2026,Hydropower,138446.39,438425.14,0.362
Denmark,2016,Biomass,12694.89,66625.38,0.599
Denmark,2017,Biomass,13518.63,74971.03,0.633
Denmark,2018,Biomass,12296.52,74834.1,0.695
Denmark,2019,Biomass,14467.73,76776.17,0.606
Denmark,2020,Biomass,14936.82,84450.62,0.645
Denmark,2021,Biomass,15940.7,94168.55,0.674
Denmark,2022,Biomass,16416.03,90699.77,0.631
Denmark,2023,Biomass,16419.18,97136.63,0.675
Denmark,2024,Biomass,19705.85,108230.75,0.627
Denmark,2025,Biomass,19989.58,105269.27,0.601
Denmark,2026,Biomass,22638.3,124784.99,0.629
Denmark,2016,Geothermal,3966.77,22934.73,0.66
Denmark,2017,Geothermal,4517.96,30321.09,0.766
Denmark,2018,Geothermal,4698.51,31881.37,0.775
Denmark,2019,Geothermal,5164.86,31689.25,0.7
Denmark,2020,Geothermal,5345.42,32775.22,0.7
Denmark,2021,Geothermal,6002.25,35658.95,0.678
Denmark,2022,Geothermal,6069.89,36870.75,0.693
Denmark,2023,Geothermal,6840.06,46304.81,0.773
Denmark,2024,Geothermal,7142.95,47439.18,0.758
Denmark,2025,Geothermal,8346.64,57075.66,0.781
Denmark,2026,Geothermal,8222.72,50944.94,0.707
Denmark,2016,Concentrated Solar,7086.37,14207.16,0.229
Denmark,2017,Concentrated Solar,7239.01,13500.69,0.213
Denmark,2018,Concentrated Solar,7196.17,15172.74,0.241
Denmark,2019,Concentrated Solar,8256.2,17620.8,0.244
Denmark,2020,Concentrated Solar,9627.92,20417.55,0.242
Denmark,2021,Concentrated Solar,10778.03,23710.63,0.251
Denmark,2022,Concentrated Solar,10887.74,24561.6,0.258
Denmark,2023,Concentrated Solar,14334.3,28222.31,0.225
Denmark,2024,Concentrated Solar,12567.3,25651.07,0.233
Denmark,2025,Concentrated Solar,15056.85,30312.96,0.23
Denmark,2026,Concentrated Solar,20011.16,44939.32,0.256
Mexico,2016,Solar PV,125766.64,202235.59,0.184
Mexico,2017,Solar PV,153961.38,211398.42,0.157
Mexico,2018,Solar PV,174531.98,247030.56,0.162
Mexico,2019,Solar PV,207110.52,281498.1,0.155
Mexico,2020,Solar PV,286305.25,447983.75,0.179
Mexico,2021,Solar PV,262518.11,428117.97,0.186
Mexico,2022,Solar PV,401649.09,604157.05,0.172
Mexico,2023,Solar PV,456655.33,665688.88,0.166
Mexico,2024,Solar PV,590497.64,807242.65,0.156
Mexico,2025,Solar PV,545097.54,753534.62,0.158
Mexico,2026,Solar PV,815994.42,1112917.28,0.156
Mexico,2016,Onshore Wind,189159.98,552971.25,0.334
Mexico,2017,Onshore Wind,207754.25,525419.2,0.289
Mexico,2018,Onshore Wind,244568.39,692541.84,0.323
Mexico,2019,Onshore Wind,309591.13,865303.57,0.319
Mexico,2020,Onshore Wind,325984.14,826431.51,0.289
Mexico,2021,Onshore Wind,353231.04,881794.95,0.285
Mexico,2022,Onshore Wind,484496.15,1313241.7,0.309
Mexico,2023,Onshore Wind,480610.48,1189450.95,0.283
Mexico,2024,Onshore Wind,599738.34,1565693.23,0.298
Mexico,2025,Onshore Wind,703841.16,2057702.74,0.334
Mexico,2026,Onshore Wind,748829.51,1913685.97,0.292
Mexico,2016,Offshore Wind,44387.77,154245.9,0.397
Mexico,2017,Offshore Wind,65627.47,262655.81,0.457
Mexico,2018,Offshore Wind,86618.41,292986.44,0.386
Mexico,2019,Offshore Wind,117137.65,422765.31,0.412
Mexico,2020,Offshore Wind,132749.64,470782.77,0.405
Mexico,2021,Offshore Wind,184918.65,694464.15,0.429
Mexico,2022,Offshore Wind,259679.53,923372.5,0.406
Mexico,2023,Offshore Wind,362734.74,1224304.15,0.385
Mexico,2024,Offshore Wind,426744.17,1582032.55,0.423
Mexico,2025,Offshore Wind,601453.19,2133765.74,0.405
Mexico,2026,Offshore Wind,748998.89,2984380.24,0.455
Mexico,2016,Hydropower,265730.08,946085.43,0.406
Mexico,2017,Hydropower,318465.39,977690.42,0.35
Mexico,2018,Hydropower,318933.77,1033111.19,0.37
Mexico,2019,Hydropower,317500.31,1089088.05,0.392
Mexico,2020,Hydropower,323204.33,1021255.06,0.361
Mexico,2021,Hydropower,343566.3,1028526.72,0.342
Mexico,2022,Hydropower,312209.43,1127347.42,0.412
Mexico,2023,Hydropower,341096.99,1046709.7,0.35
Mexico,2024,Hydropower,375933.08,1338176.21,0.406
Mexico,2025,Hydropower,352356.68,1060002.19,0.343
Mexico,2026,Hydropower,369096.77,1142770.4,0.353
Mexico,2016,Biomass,38347.75,218452.83,0.65
Mexico,2017,Biomass,34319.37,207635.38,0.691
Mexico,2018,Biomass,37227.92,203842.49,0.625
Mexico,2019,Biomass,39264.48,218130.44,0.634
Mexico,2020,Biomass,47418.69,249170.71,0.6
Mexico,2021,Biomass,47412.31,261413.97,0.629
Mexico,2022,Biomass,46697.03,266988.72,0.653
Mexico,2023,Biomass,51718.0,273432.3,0.604
Mexico,2024,Biomass,51463.43,276899.33,0.614
Mexico,2025,Biomass,53203.36,335028.87,0.719
Mexico,2026,Biomass,59827.07,358110.33,0.683
Mexico,2016,Geothermal,12364.01,85120.97,0.786
Mexico,2017,Geothermal,13455.76,81493.11,0.691
Mexico,2018,Geothermal,14323.79,89113.61,0.71
Mexico,2019,Geothermal,16180.28,101040.12,0.713
Mexico,2020,Geothermal,16743.4,97459.62,0.664
Mexico,2021,Geothermal,18116.53,106385.58,0.67
Mexico,2022,Geothermal,20900.87,138102.5,0.754
Mexico,2023,Geothermal,20940.96,144228.19,0.786
Mexico,2024,Geothermal,23942.74,157833.66,0.753
Mexico,2025,Geothermal,27312.74,187483.07,0.784
Mexico,2026,Geothermal,27212.24,175454.17,0.736
Mexico,2016,Concentrated Solar,21039.15,47617.06,0.258
Mexico,2017,Concentrated Solar,18467.8,42437.53,0.262
Mexico,2018,Concentrated Solar,21635.77,48296.87,0.255
Mexico,2019,Concentrated Solar,28531.57,57545.46,0.23
Mexico,2020,Concentrated Solar,32000.11,71414.86,0.255
Mexico,2021,Concentrated Solar,29074.92,61668.58,0.242
Mexico,2022,Concentrated Solar,38988.02,84489.4,0.247
Mexico,2023,Concentrated Solar,44509.72,83404.74,0.214
Mexico,2024,Concentrated Solar,46541.35,105952.82,0.26
Mexico,2025,Concentrated Solar,49604.82,104573.99,0.241
Mexico,2026,Concentrated Solar,48923.65,112242.93,0.262
Poland,2016,Solar PV,106680.22,159480.96,0.171
Poland,2017,Solar PV,123988.31,175274.85,0.161
Poland,2018,Solar PV,161699.55,243568.16,0.172
Poland,2019,Solar PV,187562.63,305679.77,0.186
Poland,2020,Solar PV,250907.41,346611.32,0.158
Poland,2021,Solar PV,366678.21,597695.27,0.186
Poland,2022,Solar PV,474493.21,684374.36,0.165
Poland,2023,Solar PV,460200.28,701931.1,0.174
Poland,2024,Solar PV,755160.03,1196539.16,0.181
Poland,2025,Solar PV,925569.26,1491740.65,0.184
Poland,2026,Solar PV,1192086.75,1738176.43,0.166
Poland,2016,Onshore Wind,176523.38,430604.54,0.278
Poland,2017,Onshore Wind,202885.41,498939.91,0.281
Poland,2018,Onshore Wind,230020.61,670417.06,0.333
Poland,2019,Onshore Wind,315512.66,921708.89,0.333
Poland,2020,Onshore Wind,359327.76,891271.18,0.283
Poland,2021,Onshore Wind,454057.09,1258445.42,0.316
Poland,2022,Onshore Wind,529607.17,1495578.38,0.322
Poland,2023,Onshore Wind,527419.82,1430841.98,0.31
Poland,2024,Onshore Wind,612878.83,1565744.44,0.292
Poland,2025,Onshore Wind,817367.61,2005915.42,0.28
Poland,2026,Onshore Wind,970551.23,2828815.75,0.333
Poland,2016,Offshore Wind,44283.72,183095.15,0.472
Poland,2017,Offshore Wind,69901.09,236002.21,0.385
Poland,2018,Offshore Wind,92201.69,375892.12,0.465
Poland,2019,Offshore Wind,139586.29,492021.27,0.402
Poland,2020,Offshore Wind,182710.8,747138.22,0.467
Poland,2021,Offshore Wind,236484.1,931352.09,0.45
Poland,2022,Offshore Wind,341117.94,1407182.52,0.471
Poland,2023,Offshore Wind,474806.22,1922341.51,0.462
Poland,2024,Offshore Wind,659438.49,2578172.79,0.446
Poland,2025,Offshore Wind,1043411.45,4225542.63,0.462
Poland,2026,Offshore Wind,1418939.46,5051131.44,0.406
Poland,2016,Hydropower,252809.09,798438.31,0.361
Poland,2017,Hydropower,261429.34,778875.87,0.34
Poland,2018,Hydropower,281223.37,981974.41,0.399
Poland,2019,Hydropower,316264.06,1138011.09,0.411
Poland,2020,Hydropower,301790.64,978949.03,0.37
Poland,2021,Hydropower,312565.63,953162.99,0.348
Poland,2022,Hydropower,317610.9,1138294.21,0.409
Poland,2023,Hydropower,335163.59,1159653.3,0.395
Poland,2024,Hydropower,317952.2,963412.84,0.346
Poland,2025,Hydropower,364260.69,1160196.52,0.364
Poland,2026,Hydropower,344201.13,1254724.93,0.416
Poland,2016,Biomass,31708.88,179873.77,0.648
Poland,2017,Biomass,36997.59,217660.42,0.672
Poland,2018,Biomass,39755.97,211755.56,0.608
Poland,2019,Biomass,39072.72,233059.95,0.681
Poland,2020,Biomass,39804.55,208982.23,0.599
Poland,2021,Biomass,45280.49,245173.62,0.618
Poland,2022,Biomass,46702.36,252420.28,0.617
Poland,2023,Biomass,41523.99,226899.02,0.624
Poland,2024,Biomass,44080.5,267447.08,0.693
Poland,2025,Biomass,51117.29,312195.77,0.697
Poland,2026,Biomass,48581.11,269987.55,0.634
Poland,2016,Geothermal,10806.62,68468.64,0.723
Poland,2017,Geothermal,12538.65,72552.61,0.661
Poland,2018,Geothermal,12813.95,78759.35,0.702
Poland,2019,Geothermal,13639.16,88032.5,0.737
Poland,2020,Geothermal,15071.87,88123.28,0.667
Poland,2021,Geothermal,15232.4,88484.59,0.663
Poland,2022,Geothermal,16779.0,95508.82,0.65
Poland,2023,Geothermal,18993.95,113767.59,0.684
Poland,2024,Geothermal,19475.73,121278.75,0.711
Poland,2025,Geothermal,21426.0,122219.37,0.651
Poland,2026,Geothermal,22695.96,132259.2,0.665
Poland,2016,Concentrated Solar,17396.64,35780.53,0.235
Poland,2017,Concentrated Solar,19149.96,39548.42,0.236
Poland,2018,Concentrated Solar,21541.42,42633.27,0.226
Poland,2019,Concentrated Solar,23205.56,50842.89,0.25
Poland,2020,Concentrated Solar,31948.43,60671.34,0.217
Poland,2021,Concentrated Solar,33010.39,69277.41,0.24
Poland,2022,Concentrated Solar,44998.27,95387.34,0.242
Poland,2023,Concentrated Solar,45613.37,101707.29,0.255
Poland,2024,Concentrated Solar,55991.15,114494.11,0.233
Poland,2025,Concentrated Solar,58807.88,131800.19,0.256
Poland,2026,Concentrated Solar,65746.82,147776.79,0.257
South Africa,2016,Solar PV,81401.88,127438.19,0.179
South Africa,2017,Solar PV,87780.2,142576.77,0.185
South Africa,2018,Solar PV,115513.45,179501.82,0.177
South Africa,2019,Solar PV,132609.82,182764.46,0.157
South Africa,2020,Solar PV,166528.97,232274.47,0.159
South Africa,2021,Solar PV,213876.72,352225.43,0.188
South Africa,2022,Solar PV,246437.23,340101.62,0.158
South Africa,2023,Solar PV,266194.55,439738.47,0.189
South Africa,2024,Solar PV,322721.77,534033.15,0.189
South Africa,2025,Solar PV,412691.34,661678.07,0.183
South Africa,2026,Solar PV,445285.21,724706.71,0.186
South Africa,2016,Onshore Wind,104126.59,270760.78,0.297
South Africa,2017,Onshore Wind,133156.79,341621.69,0.293
South Africa,2018,Onshore Wind,151775.64,400624.12,0.301
South Africa,2019,Onshore Wind,205324.62,579773.44,0.322
South Africa,2020,Onshore Wind,227921.06,609845.91,0.305
South Africa,2021,Onshore Wind,255072.52,667033.26,0.299
South Africa,2022,Onshore Wind,279768.97,758828.4,0.31
South Africa,2023,Onshore Wind,381259.25,1109283.46,0.332
South Africa,2024,Onshore Wind,464781.61,1254065.84,0.308
South Africa,2025,Onshore Wind,448063.25,1139476.42,0.29
South Africa,2026,Onshore Wind,587134.51,1512168.93,0.294
South Africa,2016,Offshore Wind,28370.96,105923.98,0.426
South Africa,2017,Offshore Wind,39702.51,134203.92,0.386
South Africa,2018,Offshore Wind,49636.15,171945.25,0.395
South Africa,2019,Offshore Wind,71022.41,276815.71,0.445
South Africa,2020,Offshore Wind,84397.58,341982.38,0.463
South Africa,2021,Offshore Wind,120163.85,425140.6,0.404
South Africa,2022,Offshore Wind,174502.53,711392.08,0.465
South Africa,2023,Offshore Wind,240132.46,808442.35,0.384
South Africa,2024,Offshore Wind,316443.3,1135913.88,0.41
South Africa,2025,Offshore Wind,380503.7,1422434.17,0.427
South Africa,2026,Offshore Wind,553204.5,1896459.47,0.391
South Africa,2016,Hydropower,164106.52,600815.79,0.418
South Africa,2017,Hydropower,178662.46,635526.85,0.406
South Africa,2018,Hydropower,179630.01,587475.33,0.373
South Africa,2019,Hydropower,197425.04,614012.66,0.355
South Africa,2020,Hydropower,190358.09,676882.49,0.406
South Africa,2021,Hydropower,214403.29,752695.54,0.401
South Africa,2022,Hydropower,226098.06,803500.27,0.406
South Africa,2023,Hydropower,221443.45,684217.71,0.353
South Africa,2024,Hydropower,221603.15,738727.87,0.381
South Africa,2025,Hydropower,222595.82,795777.34,0.408
South Africa,2026,Hydropower,259353.53,777720.02,0.342
South Africa,2016,Biomass,23238.64,144978.13,0.712
South Africa,2017,Biomass,21603.89,124697.43,0.659
South Africa,2018,Biomass,25725.68,156318.55,0.694
South Africa,2019,Biomass,23661.7,147226.61,0.71
South Africa,2020,Biomass,25895.3,155150.82,0.684
South Africa,2021,Biomass,24971.93,131094.69,0.599
South Africa,2022,Biomass,27468.53,163183.23,0.678
South Africa,2023,Biomass,27526.33,172858.68,0.717
South Africa,2024,Biomass,31247.74,176273.03,0.644
South Africa,2025,Biomass,29903.4,188666.68,0.72
South Africa,2026,Biomass,35133.46,212803.61,0.691
South Africa,2016,Geothermal,7180.24,41635.05,0.662
South Africa,2017,Geothermal,7850.0,53791.34,0.782
South Africa,2018,Geothermal,8662.25,55742.91,0.735
South Africa,2019,Geothermal,9134.62,54242.07,0.678
South Africa,2020,Geothermal,9544.26,53551.4,0.641
South Africa,2021,Geothermal,10625.4,70054.24,0.753
South Africa,2022,Geothermal,10546.75,71530.52,0.774
South Africa,2023,Geothermal,12077.9,76989.36,0.728
South Africa,2024,Geothermal,12145.0,71851.5,0.675
South Africa,2025,Geothermal,14124.98,84550.34,0.683
South Africa,2026,Geothermal,15396.02,98981.98,0.734
South Africa,2016,Concentrated Solar,11189.58,22538.44,0.23
South Africa,2017,Concentrated Solar,12006.99,24805.41,0.236
South Africa,2018,Concentrated Solar,15251.14,33896.4,0.254
South Africa,2019,Concentrated Solar,15667.34,29866.85,0.218
South Africa,2020,Concentrated Solar,18109.28,38964.14,0.246
South Africa,2021,Concentrated Solar,22221.37,45007.45,0.231
South Africa,2022,Concentrated Solar,23484.62,49981.47,0.243
South Africa,2023,Concentrated Solar,23589.18,45028.2,0.218
South Africa,2024,Concentrated Solar,24360.67,55893.16,0.262
South Africa,2025,Concentrated Solar,32608.7,73005.44,0.256
South Africa,2026,Concentrated Solar,32426.34,70461.11,0.248
Norway,2016,Solar PV,102240.03,161711.01,0.181
Norway,2017,Solar PV,157344.76,250851.65,0.182
Norway,2018,Solar PV,188469.91,288265.96,0.175
Norway,2019,Solar PV,222752.57,346372.03,0.178
Norway,2020,Solar PV,278722.45,431174.46,0.177
Norway,2021,Solar PV,369429.33,525362.74,0.162
Norway,2022,Solar PV,385692.41,564162.46,0.167
Norway,2023,Solar PV,418450.78,654279.86,0.178
Norway,2024,Solar PV,610933.49,855411.75,0.16
Norway,2025,Solar PV,785465.41,1107823.92,0.161
Norway,2026,Solar PV,913948.56,1451172.22,0.181
Norway,2016,Onshore Wind,190319.19,507608.11,0.304
Norway,2017,Onshore Wind,232450.11,663416.25,0.326
Norway,2018,Onshore Wind,274867.56,682845.8,0.284
Norway,2019,Onshore Wind,267460.09,656467.59,0.28
Norway,2020,Onshore Wind,327541.32,928877.67,0.324
Norway,2021,Onshore Wind,434077.37,1078836.57,0.284
Norway,2022,Onshore Wind,500201.11,1285961.52,0.293
Norway,2023,Onshore Wind,507635.16,1310666.31,0.295
Norway,2024,Onshore Wind,700112.49,1788706.4,0.292
Norway,2025,Onshore Wind,830385.74,2132820.55,0.293
Norway,2026,Onshore Wind,859715.32,2190190.83,0.291
Norway,2016,Offshore Wind,45425.69,183236.52,0.46
Norway,2017,Offshore Wind,65003.67,266202.19,0.467
Norway,2018,Offshore Wind,81784.48,331384.44,0.463
Norway,2019,Offshore Wind,125176.01,505039.52,0.461
Norway,2020,Offshore Wind,170981.23,613125.64,0.409
Norway,2021,Offshore Wind,223177.03,898105.13,0.459
Norway,2022,Offshore Wind,317974.53,1115649.82,0.401
Norway,2023,Offshore Wind,470978.95,1789540.0,0.434
Norway,2024,Offshore Wind,725751.4,2693589.53,0.424
Norway,2025,Offshore Wind,904593.54,3541423.12,0.447
Norway,2026,Offshore Wind,1387233.98,5181469.75,0.426
Norway,2016,Hydropower,259992.91,889970.52,0.391
Norway,2017,Hydropower,260413.13,825532.62,0.362
Norway,2018,Hydropower,303948.12,941193.27,0.353
Norway,2019,Hydropower,313702.94,1041962.96,0.379
Norway,2020,Hydropower,323561.87,983660.23,0.347
Norway,2021,Hydropower,326137.64,1116156.52,0.391
Norway,2022,Hydropower,325276.29,1188852.89,0.417
Norway,2023,Hydropower,334451.24,1004971.75,0.343
Norway,2024,Hydropower,334665.82,1084273.56,0.37
Norway,2025,Hydropower,334477.29,1071734.47,0.366
Norway,2026,Hydropower,394071.94,1226334.59,0.355
Norway,2016,Biomass,35139.56,193877.47,0.63
Norway,2017,Biomass,37503.4,211313.3,0.643
Norway,2018,Biomass,35215.84,200117.06,0.649
Norway,2019,Biomass,40785.96,220938.91,0.618
Norway,2020,Biomass,44955.27,250756.68,0.637
Norway,2021,Biomass,42620.13,260187.95,0.697
Norway,2022,Biomass,47765.48,268753.48,0.642
Norway,2023,Biomass,53201.96,342250.74,0.734
Norway,2024,Biomass,50378.08,318271.44,0.721
Norway,2025,Biomass,53256.1,289888.18,0.621
Norway,2026,Biomass,62906.11,398716.99,0.724
Norway,2016,Geothermal,11113.49,72682.22,0.747
Norway,2017,Geothermal,11848.62,77597.51,0.748
Norway,2018,Geothermal,13367.3,77617.86,0.663
Norway,2019,Geothermal,14077.06,90646.53,0.735
Norway,2020,Geothermal,14653.85,98712.44,0.769
Norway,2021,Geothermal,16142.27,101488.74,0.718
Norway,2022,Geothermal,17014.54,117255.88,0.787
Norway,2023,Geothermal,19500.15,125645.05,0.736
Norway,2024,Geothermal,19672.7,127692.17,0.741
Norway,2025,Geothermal,22069.28,134272.86,0.695
Norway,2026,Geothermal,24079.36,149481.25,0.709
Norway,2016,Concentrated Solar,19348.3,41358.46,0.244
Norway,2017,Concentrated Solar,18963.75,40796.88,0.246
Norway,2018,Concentrated Solar,23335.91,46199.27,0.226
Norway,2019,Concentrated Solar,25328.97,48671.59,0.219
Norway,2020,Concentrated Solar,29775.33,56795.03,0.218
Norway,2021,Concentrated Solar,31849.4,60930.07,0.218
Norway,2022,Concentrated Solar,29158.19,55635.1,0.218
Norway,2023,Concentrated Solar,33095.52,64502.84,0.222
Norway,2024,Concentrated Solar,37290.91,77961.8,0.239
Norway,2025,Concentrated Solar,40330.09,87500.37,0.248
Norway,2026,Concentrated Solar,45871.68,86181.86,0.214
Belgium,2016,Solar PV,84333.4,121822.9,0.165
Belgium,2017,Solar PV,77520.63,120318.71,0.177
Belgium,2018,Solar PV,124804.48,200146.3,0.183
Belgium,2019,Solar PV,142668.35,197925.83,0.158
Belgium,2020,Solar PV,145375.66,218303.56,0.171
Belgium,2021,Solar PV,215926.52,296299.33,0.157
Belgium,2022,Solar PV,228938.03,323530.35,0.161
Belgium,2023,Solar PV,345774.19,495713.48,0.164
Belgium,2024,Solar PV,364195.85,499587.74,0.157
Belgium,2025,Solar PV,405557.23,548605.06,0.154
Belgium,2026,Solar PV,514162.11,819096.93,0.182
Belgium,2016,Onshore Wind,126253.32,307550.56,0.278
Belgium,2017,Onshore Wind,144414.31,347814.24,0.275
Belgium,2018,Onshore Wind,167939.53,462610.17,0.314
Belgium,2019,Onshore Wind,162400.72,419507.71,0.295
Belgium,2020,Onshore Wind,197813.86,540294.9,0.312
Belgium,2021,Onshore Wind,249453.51,607377.45,0.278
Belgium,2022,Onshore Wind,280098.88,696114.03,0.284
Belgium,2023,Onshore Wind,289487.63,845949.27,0.334
Belgium,2024,Onshore Wind,319206.97,829608.54,0.297
Belgium,2025,Onshore Wind,416924.37,1180386.02,0.323
Belgium,2026,Onshore Wind,453565.74,1283363.97,0.323
Belgium,2016,Offshore Wind,31025.49,105391.62,0.388
Belgium,2017,Offshore Wind,42109.34,146387.52,0.397
Belgium,2018,Offshore Wind,49288.35,188106.39,0.436
Belgium,2019,Offshore Wind,68887.22,267664.41,0.444
Belgium,2020,Offshore Wind,78811.1,287668.06,0.417
Belgium,2021,Offshore Wind,105994.41,357563.54,0.385
Belgium,2022,Offshore Wind,146562.59,587980.12,0.458
Belgium,2023,Offshore Wind,200505.97,692489.22,0.394
Belgium,2024,Offshore Wind,257303.15,885055.91,0.393
Belgium,2025,Offshore Wind,302103.9,1023209.16,0.387
Belgium,2026,Offshore Wind,379544.47,1365769.99,0.411
Belgium,2016,Hydropower,184224.58,647785.96,0.401
Belgium,2017,Hydropower,187206.66,631702.78,0.385
Belgium,2018,Hydropower,205540.71,708668.8,0.394
Belgium,2019,Hydropower,192037.37,642363.23,0.382
Belgium,2020,Hydropower,210067.81,639687.08,0.348
Belgium,2021,Hydropower,215578.71,679634.04,0.36
Belgium,2022,Hydropower,211606.96,730540.85,0.394
Belgium,2023,Hydropower,219876.96,784167.95,0.407
Belgium,2024,Hydropower,233431.97,856845.74,0.419
Belgium,2025,Hydropower,221761.3,760484.67,0.391
Belgium,2026,Hydropower,232996.12,832558.27,0.408
Belgium,2016,Biomass,24044.93,127534.67,0.605
Belgium,2017,Biomass,23628.21,130135.44,0.629
Belgium,2018,Biomass,27370.08,144348.45,0.602
Belgium,2019,Biomass,24978.05,149897.4,0.685
Belgium,2020,Biomass,27412.23,150778.35,0.628
Belgium,2021,Biomass,29305.61,181544.34,0.707
Belgium,2022,Biomass,30908.44,193570.92,0.715
Belgium,2023,Biomass,32664.57,175009.66,0.612
Belgium,2024,Biomass,34878.78,209743.4,0.686
Belgium,2025,Biomass,33956.05,194157.01,0.653
Belgium,2026,Biomass,39437.05,205561.97,0.595
Belgium,2016,Geothermal,7541.32,48249.01,0.73
Belgium,2017,Geothermal,7807.33,48814.96,0.714
Belgium,2018,Geothermal,8246.66,53329.65,0.738
Belgium,2019,Geothermal,9472.36,57420.78,0.692
Belgium,2020,Geothermal,9239.57,54304.81,0.671
Belgium,2021,Geothermal,10270.68,64916.22,0.722
Belgium,2022,Geothermal,11139.84,69136.03,0.708
Belgium,2023,Geothermal,11929.12,77840.04,0.745
Belgium,2024,Geothermal,12046.71,79294.4,0.751
Belgium,2025,Geothermal,12996.75,78409.95,0.689
Belgium,2026,Geothermal,14733.74,100952.16,0.782
Belgium,2016,Concentrated Solar,12020.44,26072.55,0.248
Belgium,2017,Concentrated Solar,11449.17,22135.82,0.221
Belgium,2018,Concentrated Solar,13126.64,28556.78,0.248
Belgium,2019,Concentrated Solar,17418.06,33239.74,0.218
Belgium,2020,Concentrated Solar,18732.2,36408.72,0.222
Belgium,2021,Concentrated Solar,22721.07,46205.31,0.232
Belgium,2022,Concentrated Solar,22049.87,48592.67,0.252
Belgium,2023,Concentrated Solar,26407.8,50404.6,0.218
Belgium,2024,Concentrated Solar,26816.85,60803.51,0.259
Belgium,2025,Concentrated Solar,33644.0,71305.06,0.242
Belgium,2026,Concentrated Solar,36680.79,75519.19,0.235
Austria,2016,Solar PV,80888.15,121137.33,0.171
Austria,2017,Solar PV,118773.56,161009.14,0.155
Austria,2018,Solar PV,172411.0,276686.73,0.183
Austria,2019,Solar PV,196565.23,294963.4,0.171
Austria,2020,Solar PV,288327.7,402552.34,0.159
Austria,2021,Solar PV,339474.23,533194.79,0.179
Austria,2022,Solar PV,381797.15,558360.09,0.167
Austria,2023,Solar PV,573524.2,928333.21,0.185
Austria,2024,Solar PV,722200.78,1055559.42,0.167
Austria,2025,Solar PV,1068979.22,1741496.99,0.186
Austria,2026,Solar PV,1306120.03,1863260.15,0.163
Austria,2016,Onshore Wind,161766.05,426512.92,0.301
Austria,2017,Onshore Wind,156135.18,408156.34,0.298
Austria,2018,Onshore Wind,211320.45,592187.11,0.32
Austria,2019,Onshore Wind,226034.15,627472.12,0.317
Austria,2020,Onshore Wind,303942.25,845514.22,0.318
Austria,2021,Onshore Wind,363902.86,996137.32,0.312
Austria,2022,Onshore Wind,360193.5,984283.98,0.312
Austria,2023,Onshore Wind,434079.89,1118322.37,0.294
Austria,2024,Onshore Wind,560592.91,1644160.66,0.335
Austria,2025,Onshore Wind,656883.6,1918097.58,0.333
Austria,2026,Onshore Wind,747485.73,2072014.79,0.316
Austria,2016,Offshore Wind,33543.17,121708.17,0.414
Austria,2017,Offshore Wind,47964.0,182291.56,0.434
Austria,2018,Offshore Wind,65942.45,242657.65,0.42
Austria,2019,Offshore Wind,88747.47,356236.9,0.458
Austria,2020,Offshore Wind,107250.36,431008.34,0.459
Austria,2021,Offshore Wind,157633.33,593145.91,0.43
Austria,2022,Offshore Wind,178072.36,617069.8,0.396
Austria,2023,Offshore Wind,269602.12,945845.95,0.4
Austria,2024,Offshore Wind,362781.91,1261603.63,0.397
Austria,2025,Offshore Wind,438287.57,1555150.5,0.405
Austria,2026,Offshore Wind,647860.03,2523521.69,0.445
Austria,2016,Hydropower,226876.17,680864.52,0.343
Austria,2017,Hydropower,235290.94,717688.67,0.348
Austria,2018,Hydropower,243760.56,852342.03,0.399
Austria,2019,Hydropower,250353.26,875906.65,0.399
Austria,2020,Hydropower,245442.66,771894.32,0.359
Austria,2021,Hydropower,261115.26,923881.74,0.404
Austria,2022,Hydropower,247912.98,853831.43,0.393
Austria,2023,Hydropower,281695.21,915508.97,0.371
Austria,2024,Hydropower,290763.62,1064850.96,0.418
Austria,2025,Hydropower,270080.54,908909.84,0.384
Austria,2026,Hydropower,263800.71,832169.84,0.36
Austria,2016,Biomass,28784.95,180749.7,0.717
Austria,2017,Biomass,30575.02,193541.34,0.723
Austria,2018,Biomass,31420.73,188727.22,0.686
Austria,2019,Biomass,33388.24,196408.62,0.672
Austria,2020,Biomass,34123.68,210340.64,0.704
Austria,2021,Biomass,38451.79,214291.05,0.636
Austria,2022,Biomass,34639.79,209550.39,0.691
Austria,2023,Biomass,36529.74,198186.35,0.619
Austria,2024,Biomass,41125.42,233378.37,0.648
Austria,2025,Biomass,42544.18,250789.99,0.673
Austria,2026,Biomass,42062.73,249364.71,0.677
Austria,2016,Geothermal,8930.64,58201.27,0.744
Austria,2017,Geothermal,9403.89,54415.3,0.661
Austria,2018,Geothermal,10257.74,57969.81,0.645
Austria,2019,Geothermal,11680.65,74679.2,0.73
Austria,2020,Geothermal,12198.82,75987.5,0.711
Austria,2021,Geothermal,12964.27,78498.99,0.691
Austria,2022,Geothermal,14191.44,85179.39,0.685
Austria,2023,Geothermal,14380.95,83784.89,0.665
Austria,2024,Geothermal,15177.91,94835.42,0.713
Austria,2025,Geothermal,16864.6,106081.12,0.718
Austria,2026,Geothermal,17490.77,102761.0,0.671
Austria,2016,Concentrated Solar,13802.22,27873.99,0.231
Austria,2017,Concentrated Solar,14721.37,32256.92,0.25
Austria,2018,Concentrated Solar,17950.61,41250.95,0.262
Austria,2019,Concentrated Solar,21588.49,49464.33,0.262
Austria,2020,Concentrated Solar,18560.49,39988.49,0.246
Austria,2021,Concentrated Solar,23688.4,53480.57,0.258
Austria,2022,Concentrated Solar,27547.97,58775.12,0.244
Austria,2023,Concentrated Solar,33526.51,72432.6,0.247
Austria,2024,Concentrated Solar,30849.09,69801.57,0.258
Austria,2025,Concentrated Solar,40878.22,83003.79,0.232
Austria,2026,Concentrated Solar,40376.88,80163.41,0.227
Portugal,2016,Solar PV,111777.12,178111.96,0.182
Portugal,2017,Solar PV,146475.66,198344.02,0.155
Portugal,2018,Solar PV,213744.46,299454.01,0.16
Portugal,2019,Solar PV,245834.49,402998.47,0.187
Portugal,2020,Solar PV,282581.44,463956.69,0.187
Portugal,2021,Solar PV,407075.44,546536.14,0.153
Portugal,2022,Solar PV,448802.16,696395.94,0.177
Portugal,2023,Solar PV,716030.24,1154993.22,0.184
Portugal,2024,Solar PV,829172.67,1138499.15,0.157
Portugal,2025,Solar PV,1100232.19,1718449.35,0.178
Portugal,2026,Solar PV,1594220.13,2526439.07,0.181
Portugal,2016,Onshore Wind,205424.58,575488.1,0.32
Portugal,2017,Onshore Wind,197426.96,521242.71,0.301
Portugal,2018,Onshore Wind,239433.88,582252.37,0.278
Portugal,2019,Onshore Wind,258201.93,730192.1,0.323
Portugal,2020,Onshore Wind,339714.94,918951.62,0.309
Portugal,2021,Onshore Wind,362869.47,917235.47,0.289
Portugal,2022,Onshore Wind,437808.73,1197864.39,0.312
Portugal,2023,Onshore Wind,512959.51,1227096.47,0.273
Portugal,2024,Onshore Wind,629251.51,1688010.93,0.306
Portugal,2025,Onshore Wind,723817.07,1975580.07,0.312
Portugal,2026,Onshore Wind,861054.35,2334348.72,0.309
Portugal,2016,Offshore Wind,42482.5,173429.4,0.466
Portugal,2017,Offshore Wind,58975.64,234197.33,0.453
Portugal,2018,Offshore Wind,84720.31,289650.33,0.39
Portugal,2019,Offshore Wind,128036.34,473192.07,0.422
Portugal,2020,Offshore Wind,164045.05,635119.13,0.442
Portugal,2021,Offshore Wind,229717.05,866328.67,0.431
Portugal,2022,Offshore Wind,295090.9,1079725.35,0.418
Portugal,2023,Offshore Wind,464659.14,1756852.6,0.432
Portugal,2024,Offshore Wind,660018.7,2286495.62,0.395
Portugal,2025,Offshore Wind,862468.94,3511482.57,0.465
Portugal,2026,Offshore Wind,1215616.41,4772144.71,0.448
Portugal,2016,Hydropower,298764.65,1005734.37,0.384
Portugal,2017,Hydropower,289183.7,886279.55,0.35
Portugal,2018,Hydropower,271472.79,922067.05,0.388
Portugal,2019,Hydropower,305019.44,1110893.96,0.416
Portugal,2020,Hydropower,302106.71,1058221.27,0.4
Portugal,2021,Hydropower,341441.57,1099227.16,0.368
Portugal,2022,Hydropower,325256.39,1115977.07,0.392
Portugal,2023,Hydropower,339941.54,1050826.21,0.353
Portugal,2024,Hydropower,333333.77,1187798.79,0.407
Portugal,2025,Hydropower,341306.95,1059927.25,0.355
Portugal,2026,Hydropower,386772.93,1382967.58,0.408
Portugal,2016,Biomass,37852.84,243455.28,0.734
Portugal,2017,Biomass,36541.63,215095.33,0.672
Portugal,2018,Biomass,37297.23,197481.88,0.604
Portugal,2019,Biomass,37840.46,230904.84,0.697
Portugal,2020,Biomass,43382.11,243718.74,0.641
Portugal,2021,Biomass,42555.39,256016.31,0.687
Portugal,2022,Biomass,44708.44,266997.66,0.682
Portugal,2023,Biomass,55477.53,310781.41,0.639
Portugal,2024,Biomass,53760.35,320846.21,0.681
Portugal,2025,Biomass,55162.14,327035.67,0.677
Portugal,2026,Biomass,61461.02,347821.14,0.646
Portugal,2016,Geothermal,11530.1,64463.05,0.638
Portugal,2017,Geothermal,12157.55,71432.7,0.671
Portugal,2018,Geothermal,13720.12,84482.53,0.703
Portugal,2019,Geothermal,14881.43,85731.59,0.658
Portugal,2020,Geothermal,15818.86,106588.15,0.769
Portugal,2021,Geothermal,16542.87,100181.72,0.691
Portugal,2022,Geothermal,17488.38,110341.14,0.72
Portugal,2023,Geothermal,18536.19,118290.74,0.728
Portugal,2024,Geothermal,21280.64,142853.76,0.766
Portugal,2025,Geothermal,21306.88,134068.1,0.718
Portugal,2026,Geothermal,23178.77,156436.88,0.77
Portugal,2016,Concentrated Solar,16214.48,30315.56,0.213
Portugal,2017,Concentrated Solar,20477.39,38398.44,0.214
Portugal,2018,Concentrated Solar,23022.01,46940.7,0.233
Portugal,2019,Concentrated Solar,25377.0,57312.96,0.258
Portugal,2020,Concentrated Solar,27592.96,57932.51,0.24
Portugal,2021,Concentrated Solar,34351.35,71048.27,0.236
Portugal,2022,Concentrated Solar,35571.67,71916.25,0.231
Portugal,2023,Concentrated Solar,33134.51,72885.97,0.251
Portugal,2024,Concentrated Solar,42515.6,84561.72,0.227
Portugal,2025,Concentrated Solar,43233.1,90143.63,0.238
Portugal,2026,Concentrated Solar,46563.12,96918.78,0.238
Greece,2016,Solar PV,99661.02,152872.28,0.175
Greece,2017,Solar PV,105505.73,158513.73,0.172
Greece,2018,Solar PV,148225.75,207038.05,0.159
Greece,2019,Solar PV,219619.31,340021.77,0.177
Greece,2020,Solar PV,283585.79,445898.86,0.179
Greece,2021,Solar PV,317934.56,462095.55,0.166
Greece,2022,Solar PV,375884.81,561595.52,0.171
Greece,2023,Solar PV,458259.2,667585.16,0.166
Greece,2024,Solar PV,584694.05,821780.63,0.16
Greece,2025,Solar PV,977120.0,1420932.04,0.166
Greece,2026,Solar PV,1108403.22,1644489.48,0.169
Greece,2016,Onshore Wind,162871.72,417669.41,0.293
Greece,2017,Onshore Wind,171975.9,460039.41,0.305
Greece,2018,Onshore Wind,198655.15,566322.68,0.325
Greece,2019,Onshore Wind,194953.45,524016.25,0.307
Greece,2020,Onshore Wind,213907.99,588075.11,0.314
Greece,2021,Onshore Wind,252145.4,693149.37,0.314
Greece,2022,Onshore Wind,316118.66,844789.78,0.305
Greece,2023,Onshore Wind,318736.56,921580.99,0.33
Greece,2024,Onshore Wind,370269.19,955505.09,0.295
Greece,2025,Onshore Wind,450651.99,1196784.81,0.303
Greece,2026,Onshore Wind,462956.25,1259919.16,0.311
Greece,2016,Offshore Wind,33871.09,117914.2,0.397
Greece,2017,Offshore Wind,45124.62,174091.57,0.44
Greece,2018,Offshore Wind,62719.35,219395.83,0.399
Greece,2019,Offshore Wind,87396.12,342262.56,0.447
Greece,2020,Offshore Wind,112087.91,395928.68,0.403
Greece,2021,Offshore Wind,174052.67,682034.02,0.447
Greece,2022,Offshore Wind,220428.81,821802.13,0.426
Greece,2023,Offshore Wind,281455.07,978851.91,0.397
Greece,2024,Offshore Wind,430270.0,1449319.94,0.385
Greece,2025,Offshore Wind,494894.68,1882003.69,0.434
Greece,2026,Offshore Wind,685589.07,2637481.49,0.439
Greece,2016,Hydropower,221575.65,668622.94,0.344
Greece,2017,Hydropower,215723.32,669728.22,0.354
Greece,2018,Hydropower,246749.49,838560.8,0.388
Greece,2019,Hydropower,237916.48,711715.01,0.341
Greece,2020,Hydropower,249758.57,859706.71,0.393
Greece,2021,Hydropower,238622.8,725053.59,0.347
Greece,2022,Hydropower,251177.73,922861.47,0.419
Greece,2023,Hydropower,274679.09,850937.47,0.354
Greece,2024,Hydropower,279829.74,951272.2,0.388
Greece,2025,Hydropower,285119.9,1013137.52,0.406
Greece,2026,Hydropower,264749.64,910919.29,0.393
Greece,2016,Biomass,28608.02,161133.29,0.643
Greece,2017,Biomass,28354.08,168324.2,0.678
Greece,2018,Biomass,28300.04,160883.76,0.649
Greece,2019,Biomass,28823.46,157386.5,0.623
Greece,2020,Biomass,35038.75,204302.09,0.666
Greece,2021,Biomass,33620.25,181402.14,0.616
Greece,2022,Biomass,32832.13,190288.67,0.662
Greece,2023,Biomass,38190.21,200883.37,0.6
Greece,2024,Biomass,41239.82,240406.84,0.665
Greece,2025,Biomass,37671.27,218629.73,0.663
Greece,2026,Biomass,39486.68,235036.59,0.679
Greece,2016,Geothermal,9489.09,62653.42,0.754
Greece,2017,Geothermal,10101.11,63338.65,0.716
Greece,2018,Geothermal,10712.42,60434.94,0.644
Greece,2019,Geothermal,11870.38,69869.61,0.672
Greece,2020,Geothermal,13296.09,88046.39,0.756
Greece,2021,Geothermal,13906.54,88424.85,0.726
Greece,2022,Geothermal,15717.55,103502.61,0.752
Greece,2023,Geothermal,17064.9,97490.05,0.652
Greece,2024,Geothermal,17581.79,109208.64,0.709
Greece,2025,Geothermal,19368.89,130029.06,0.766
Greece,2026,Geothermal,21231.54,143027.79,0.769
Greece,2016,Concentrated Solar,13240.5,28759.79,0.248
Greece,2017,Concentrated Solar,17705.67,37441.45,0.241
Greece,2018,Concentrated Solar,16090.92,30003.95,0.213
Greece,2019,Concentrated Solar,21216.0,45884.74,0.247
Greece,2020,Concentrated Solar,21370.84,43172.82,0.231
Greece,2021,Concentrated Solar,22621.83,48566.58,0.245
Greece,2022,Concentrated Solar,26072.16,58296.83,0.255
Greece,2023,Concentrated Solar,30687.63,62039.71,0.231
Greece,2024,Concentrated Solar,32679.83,70575.54,0.247
Greece,2025,Concentrated Solar,42080.19,85948.53,0.233
Greece,2026,Concentrated Solar,47322.29,98090.64,0.237
